Trip_ID,Mode_of_Transport,Departure_Station,Arrival_Station,Departure_Time_Date,Departure_Time,Passenger_Count,Fare_Amount,Trip_Duration_Minutes,Trip_Date2,Updated_Day_of_Week,True/False
TRIP0001,FERRY,West End,airport,01/01/2024 00:00,06:00:00,21,4.343642066,26,01/01/2024,Monday,F
TRIP0002,Tram,North Station,Downtown,01/01/2024 00:00,06:01:00,46,20.67338004,134,01/01/2024,Monday,F
TRIP0003,bus,Central,North Station,01/01/2024 00:00,06:02:00,91,,,01/01/2024,Monday,F
TRIP0004,FERRY,Downtown,Central,01/01/2024 00:00,06:03:00,27,3.767487285,,01/01/2024,Monday,F
TRIP0005,Ferry,Downtown,Central,01/01/2024 00:00,06:04:00,66,,,01/01/2024,Monday,F
TRIP0008,FERRY,Central,South Point,01/01/2024 00:00,06:07:00,9,,14,01/01/2024,Monday,F
TRIP0009,Train,West End,North Station,01/01/2024 00:00,06:08:00,36,4.079665525,172,01/01/2024,Monday,F
TRIP0010,Ferry, Central ,South Point,01/01/2024 00:00,06:09:00,86,47.77820276,132,01/01/2024,Monday,F
TRIP0011,FERRY,South Point,Airport,01/01/2024 00:00,06:10:00,90,26.36754167,156,01/01/2024,Monday,F
TRIP0012,Ferry,South Point,Central,01/01/2024 00:00,06:11:00,58,15.32850106,103,01/01/2024,Monday,F
TRIP0013,Ferry,Downtown,Central,01/01/2024 00:00,06:12:00,54,4.304672726,176,01/01/2024,Monday,F
TRIP0014,bus,West End,Downtown,01/01/2024 00:00,06:13:00,12,25.28090127,116,01/01/2024,Monday,F
TRIP0015,Tram,Airport,Downtown,01/01/2024 00:00,06:14:00,81,39.82851945,64,01/01/2024,Monday,F
TRIP0016,Ferry,Downtown,North Station,01/01/2024 00:00,06:15:00,78,35.50078062,91,01/01/2024,Monday,F
TRIP0017,train,West End,Airport,01/01/2024 00:00,06:16:00,14,2.986187567,149,01/01/2024,Monday,F
TRIP0018,bus,Downtown,West End,01/01/2024 00:00,06:17:00,34,4.108640851,69,01/01/2024,Monday,F
TRIP0019,Train,Airport,South Point,01/01/2024 00:00,06:18:00,53,20.44222749,61,01/01/2024,Monday,F
TRIP0021,train,North Station,Downtown,01/01/2024 00:00,06:20:00,75,12.00302399,13,01/01/2024,Monday,F
TRIP0022,train,North Station,South Point,01/01/2024 00:00,06:21:00,16,,26,01/01/2024,Monday,F
TRIP0023,fErry,North Station,Downtown,01/01/2024 00:00,06:22:00,95,40.27239579,145,01/01/2024,Monday,F
TRIP0024,BUS,Central,South Point,01/01/2024 00:00,06:23:00,70,46.49678865,93,01/01/2024,Monday,F
TRIP0025,bus,North Station,West End,01/01/2024 00:00,06:24:00,56,20.55258338,22,02/01/2024,Tuesday,F
TRIP0026,Bus,Airport,North Station,01/01/2024 00:00,06:25:00,83,45.35249461,119,02/01/2024,Tuesday,F
TRIP0028,Train,South Point,Airport,01/01/2024 00:00,06:27:00,4,24.08363082,149,02/01/2024,Tuesday,F
TRIP0030,fErry,North Station,Airport,01/01/2024 00:00,06:29:00,20,,110,02/01/2024,Tuesday,F
TRIP0031,Tram,North Station,Airport,01/01/2024 00:00,06:30:00,,48.9595652,19,02/01/2024,Tuesday,F
TRIP0032,Bus,North Station,Central,01/01/2024 00:00,06:31:00,24,30.37290825,67,02/01/2024,Tuesday,F
TRIP0033,Bus,Downtown,Airport,01/01/2024 00:00,06:32:00,,,171,02/01/2024,Tuesday,F
TRIP0034,Ferry,West End,South Point,01/01/2024 00:00,06:33:00,26,32.56696358,17,02/01/2024,Tuesday,F
TRIP0035,Ferry,Downtown,South Point,01/01/2024 00:00,06:34:00,37,,85,02/01/2024,Tuesday,F
TRIP0036,FERRY, Central ,South Point,01/01/2024 00:00,06:35:00,85,44.48862447,36,02/01/2024,Tuesday,F
TRIP0037,Train,North Station,Central,01/01/2024 00:00,06:36:00,54,25.40265556,141,02/01/2024,Tuesday,F
TRIP0038,Tram,North Station,Airport,01/01/2024 00:00,06:37:00,21,22.74281223,44,02/01/2024,Tuesday,F
TRIP0039,Tram,Downtown,Central,01/01/2024 00:00,06:38:00,74,29.50030703,152,02/01/2024,Tuesday,F
TRIP0040,FERRY,Downtown,South Point,01/01/2024 00:00,06:39:00,38,31.42680121,,02/01/2024,Tuesday,F
TRIP0041,train,West End,Airport,01/01/2024 00:00,06:40:00,46,,81,02/01/2024,Tuesday,F
TRIP0042,train,South Point,Airport,01/01/2024 00:00,06:41:00,4,34.28955245,80,02/01/2024,Tuesday,F
TRIP0043,FERRY,West End,Downtown,01/01/2024 00:00,06:42:00,60,12.47561818,176,02/01/2024,Tuesday,F
TRIP0045,Ferry,Airport,West End,01/01/2024 00:00,06:44:00,45,41.21547232,75,02/01/2024,Tuesday,F
TRIP0046,fErry,Downtown,North Station,01/01/2024 00:00,06:45:00,20,40.29594612,52,02/01/2024,Tuesday,F
TRIP0047,FERRY,Airport,Downtown,01/01/2024 00:00,06:46:00,17,27.84879789,22,02/01/2024,Tuesday,F
TRIP0050,Ferry,Central,West End,01/01/2024 00:00,06:49:00,,38.87963444,93,03/01/2024,Wednesday,F
TRIP0051,bus,South Point,Airport,01/01/2024 00:00,06:50:00,14,13.93476433,66,03/01/2024,Wednesday,F
TRIP0054,bus,West End,Airport,01/01/2024 00:00,06:53:00,80,,85,03/01/2024,Wednesday,F
TRIP0055,Bus,Central,North Station,01/01/2024 00:00,06:54:00,58,31.663106,,03/01/2024,Wednesday,F
TRIP0056,FERRY,Airport,Downtown,01/01/2024 00:00,06:55:00,55,3.189435724,81,03/01/2024,Wednesday,F
TRIP0057,Train,West End,Central,01/01/2024 00:00,06:56:00,4,37.55793909,94,03/01/2024,Wednesday,F
TRIP0058,Tram,Downtown,Central,01/01/2024 00:00,06:57:00,24,16.22054637,18,03/01/2024,Wednesday,F
TRIP0059,Bus,North Station,South Point,01/01/2024 00:00,06:58:00,34,0.506667304,99,03/01/2024,Wednesday,F
TRIP0060,Tram,Central,Airport,01/01/2024 00:00,06:59:00,30,25.80089239,58,03/01/2024,Wednesday,F
TRIP0061,train,West End,Central,01/01/2024 00:00,07:00:00,82,,136,03/01/2024,Wednesday,F
TRIP0062,Train,Central,North Station,01/01/2024 00:00,07:01:00,19,14.17039311,43,03/01/2024,Wednesday,F
TRIP0063,Train,Central,airport,01/01/2024 00:00,07:02:00,31,35.49533613,76,03/01/2024,Wednesday,F
TRIP0064,Bus,Airport,North Station,01/01/2024 00:00,07:03:00,,3.60313627,29,03/01/2024,Wednesday,F
TRIP0065,fErry,Airport,Central,01/01/2024 00:00,07:04:00,,42.04725537,81,03/01/2024,Wednesday,F
TRIP0066,bus, Central ,Central,01/01/2024 00:00,07:05:00,19,0.689086172,164,03/01/2024,Wednesday,F
TRIP0067,Train,Downtown,South Point,01/01/2024 00:00,07:06:00,49,12.71778153,170,03/01/2024,Wednesday,F
TRIP0069,Tram,West End,Airport,01/01/2024 00:00,07:08:00,83,16.15537241,57,03/01/2024,Wednesday,F
TRIP0070,FERRY,South Point,Airport,01/01/2024 00:00,07:09:00,22,5.543673209,160,03/01/2024,Wednesday,F
TRIP0071,Tram,Central,Airport,01/01/2024 00:00,07:10:00,24,18.33157898,135,03/01/2024,Wednesday,F
TRIP0072,FERRY,Central,South Point,01/01/2024 00:00,07:11:00,76,13.88446768,154,03/01/2024,Wednesday,F
TRIP0073,Tram,North Station,airport,01/01/2024 00:00,07:12:00,30,42.21423916,100,04/01/2024,Thursday,F
TRIP0074,bus,Downtown,Central,01/01/2024 00:00,07:13:00,58,16.01072192,170,04/01/2024,Thursday,F
TRIP0075,BUS,South Point,West End,01/01/2024 00:00,07:14:00,31,39.55215735,76,04/01/2024,Thursday,F
TRIP0076,Ferry,Airport,West End,01/01/2024 00:00,07:15:00,64,44.64767117,,04/01/2024,Thursday,F
TRIP0077,train,Airport,South Point,01/01/2024 00:00,07:16:00,19,21.97396227,10,04/01/2024,Thursday,F
TRIP0078,Bus,West End,Central,01/01/2024 00:00,07:17:00,48,45.54218562,36,04/01/2024,Thursday,F
TRIP0079,Tram,South Point,West End,01/01/2024 00:00,07:18:00,45,19.17724367,103,04/01/2024,Thursday,F
TRIP0081,Tram,West End,Central,01/01/2024 00:00,07:20:00,55,4.919831464,135,04/01/2024,Thursday,F
TRIP0082,Train,Downtown,Central,01/01/2024 00:00,07:21:00,55,34.50745369,80,04/01/2024,Thursday,F
TRIP0083,train, Central ,Downtown,01/01/2024 00:00,07:22:00,,24.943795,63,04/01/2024,Thursday,F
TRIP0085,train,North Station,Central,01/01/2024 00:00,07:24:00,63,31.819238,97,04/01/2024,Thursday,F
TRIP0086,Train,North Station,Downtown,01/01/2024 00:00,07:25:00,92,35.34092604,73,04/01/2024,Thursday,F
TRIP0087,Tram,North Station,South Point,01/01/2024 00:00,07:26:00,47,0.715981848,56,04/01/2024,Thursday,F
TRIP0088,train,Airport,West End,01/01/2024 00:00,07:27:00,75,8.764177893,93,04/01/2024,Thursday,F
TRIP0089,bus,North Station,Airport,01/01/2024 00:00,07:28:00,,35.79577951,131,04/01/2024,Thursday,F
TRIP0090,FERRY,South Point,West End,01/01/2024 00:00,07:29:00,45,33.48607797,173,04/01/2024,Thursday,F
TRIP0091,Train,Downtown,Airport,01/01/2024 00:00,07:30:00,,48.3193515,35,04/01/2024,Thursday,F
TRIP0092,Train,West End,airport,01/01/2024 00:00,07:31:00,17,38.17137062,88,04/01/2024,Thursday,F
TRIP0093,Tram,West End,Airport,01/01/2024 00:00,07:32:00,70,47.56324903,131,04/01/2024,Thursday,F
TRIP0094,Train,Airport,West End,01/01/2024 00:00,07:33:00,4,35.27575483,154,04/01/2024,Thursday,F
TRIP0095,Train,North Station,West End,01/01/2024 00:00,07:34:00,20,15.25358433,,04/01/2024,Thursday,F
TRIP0096,train,North Station,West End,01/01/2024 00:00,07:35:00,47,,17,04/01/2024,Thursday,F
TRIP0097,Tram,Central,West End,01/01/2024 00:00,07:36:00,91,39.20028124,,05/01/2024,Friday,F
TRIP0098,fErry,Downtown,airport,01/01/2024 00:00,07:37:00,15,32.38538646,131,05/01/2024,Friday,F
TRIP0099,FERRY,South Point,Central,01/01/2024 00:00,07:38:00,70,2.885207613,174,05/01/2024,Friday,F
TRIP0100,FERRY,West End,North Station,01/01/2024 00:00,07:39:00,47,18.32249806,118,05/01/2024,Friday,F
TRIP0101,train,Central,Downtown,01/01/2024 00:00,07:40:00,78,47.86159087,24,05/01/2024,Friday,F
TRIP0102,fErry,Central,North Station,01/01/2024 00:00,07:41:00,75,25.26985671,,05/01/2024,Friday,F
TRIP0104,Bus,West End,Airport,01/01/2024 00:00,07:43:00,,23.15613046,133,05/01/2024,Friday,F
TRIP0105,train,Airport,Central,01/01/2024 00:00,07:44:00,16,10.83969484,147,05/01/2024,Friday,F
TRIP0106,bus,South Point,Airport,01/01/2024 00:00,07:45:00,69,18.75100496,21,05/01/2024,Friday,F
TRIP0109,FERRY,Downtown,West End,01/01/2024 00:00,07:48:00,50,38.49459761,76,05/01/2024,Friday,F
TRIP0111,fErry,Central,West End,01/01/2024 00:00,07:50:00,77,41.1979044,27,05/01/2024,Friday,F
TRIP0113,Tram,West End,Airport,01/01/2024 00:00,07:52:00,,,76,05/01/2024,Friday,F
TRIP0114,Tram,North Station,South Point,01/01/2024 00:00,07:53:00,81,33.03899737,12,05/01/2024,Friday,F
TRIP0115,Tram,Central,Airport,01/01/2024 00:00,07:54:00,,23.87794931,63,05/01/2024,Friday,F
TRIP0116,bus,Downtown,North Station,01/01/2024 00:00,07:55:00,19,44.06775853,115,05/01/2024,Friday,F
TRIP0117,Bus,West End,North Station,01/01/2024 00:00,07:56:00,42,11.17916362,17,05/01/2024,Friday,F
TRIP0119,FERRY,Airport,South Point,01/01/2024 00:00,07:58:00,46,,160,05/01/2024,Friday,F
TRIP0120,bus,West End,Airport,01/01/2024 00:00,07:59:00,26,15.11742314,,05/01/2024,Friday,F
TRIP0121,Bus,Central,West End,01/01/2024 00:00,08:00:00,69,7.261744731,123,06/01/2024,Saturday,F
TRIP0122,Bus,South Point,Airport,01/01/2024 00:00,08:01:00,93,32.75616814,6,06/01/2024,Saturday,F
TRIP0123,FERRY,North Station,airport,01/01/2024 00:00,08:02:00,64,37.06057418,149,06/01/2024,Saturday,F
TRIP0124,Bus,West End,North Station,01/01/2024 00:00,08:03:00,37,,,06/01/2024,Saturday,F
TRIP0126,Tram,Downtown,South Point,01/01/2024 00:00,08:05:00,49,20.05897993,17,06/01/2024,Saturday,F
TRIP0127,FERRY,Airport,West End,01/01/2024 00:00,08:06:00,21,35.80374072,100,06/01/2024,Saturday,F
TRIP0128,Ferry,South Point,Airport,01/01/2024 00:00,08:07:00,74,,98,06/01/2024,Saturday,F
TRIP0129,Ferry,West End,North Station,01/01/2024 00:00,08:08:00,64,44.56564263,86,06/01/2024,Saturday,F
TRIP0131,Ferry,North Station,Airport,01/01/2024 00:00,08:10:00,70,18.70540639,175,06/01/2024,Saturday,F
TRIP0132,Ferry,North Station,South Point,01/01/2024 00:00,08:11:00,90,3.375551628,98,06/01/2024,Saturday,F
TRIP0133,Bus,Downtown,South Point,01/01/2024 00:00,08:12:00,4,6.01985451,153,06/01/2024,Saturday,F
TRIP0134,Ferry,Airport,Downtown,01/01/2024 00:00,08:13:00,39,26.03516418,116,06/01/2024,Saturday,F
TRIP0135,bus,Downtown,Central,01/01/2024 00:00,08:14:00,35,,,06/01/2024,Saturday,F
TRIP0136,BUS,Central,Downtown,01/01/2024 00:00,08:15:00,,41.85627117,85,06/01/2024,Saturday,F
TRIP0137,FERRY,Central,North Station,01/01/2024 00:00,08:16:00,24,1.227322738,172,06/01/2024,Saturday,F
TRIP0138,Train,Downtown,West End,01/01/2024 00:00,08:17:00,57,19.26515541,120,06/01/2024,Saturday,F
TRIP0140,Tram,Downtown,Airport,01/01/2024 00:00,08:19:00,41,1.45671773,112,06/01/2024,Saturday,F
TRIP0141,FERRY,Airport,South Point,01/01/2024 00:00,08:20:00,54,6.656235751,57,06/01/2024,Saturday,F
TRIP0142,Bus,Airport,Downtown,01/01/2024 00:00,08:21:00,46,20.97531241,132,06/01/2024,Saturday,F
TRIP0143,Tram,South Point,Downtown,01/01/2024 00:00,08:22:00,60,24.89679693,162,06/01/2024,Saturday,F
TRIP0144,Train,Airport,Downtown,01/01/2024 00:00,08:23:00,60,20.51234249,165,06/01/2024,Saturday,F
TRIP0145,Bus,North Station,airport,01/01/2024 00:00,08:24:00,57,,61,07/01/2024,Sunday,F
TRIP0146,FERRY,Airport,South Point,01/01/2024 00:00,08:25:00,31,29.95901791,56,07/01/2024,Sunday,F
TRIP0147,FERRY,Airport,West End,01/01/2024 00:00,08:26:00,84,0.991229146,141,07/01/2024,Sunday,F
TRIP0149,bus,Central,West End,01/01/2024 00:00,08:28:00,89,48.19321242,5,07/01/2024,Sunday,F
TRIP0151,Tram,North Station,Airport,01/01/2024 00:00,08:30:00,85,34.03834224,,07/01/2024,Sunday,F
TRIP0153,fErry,South Point,airport,01/01/2024 00:00,08:32:00,24,38.81257322,13,07/01/2024,Sunday,F
TRIP0154,Ferry,Airport,North Station,01/01/2024 00:00,08:33:00,30,38.75961335,36,07/01/2024,Sunday,F
TRIP0155,Bus,West End,North Station,01/01/2024 00:00,08:34:00,86,26.30415436,19,07/01/2024,Sunday,F
TRIP0157,bus,South Point,West End,01/01/2024 00:00,08:36:00,7,6.714735631,140,07/01/2024,Sunday,F
TRIP0158,FERRY,North Station,airport,01/01/2024 00:00,08:37:00,35,1.338909412,76,07/01/2024,Sunday,F
TRIP0159,fErry,South Point,North Station,01/01/2024 00:00,08:38:00,55,38.62283148,159,07/01/2024,Sunday,F
TRIP0160,Ferry,Airport,Downtown,01/01/2024 00:00,08:39:00,92,40.4541991,,07/01/2024,Sunday,F
TRIP0161,Bus,Airport,Downtown,01/01/2024 00:00,08:40:00,14,6.450257841,69,07/01/2024,Sunday,F
TRIP0162,bus,Central,Airport,01/01/2024 00:00,08:41:00,10,13.64635023,111,07/01/2024,Sunday,F
TRIP0163,Train,Airport,Central,01/01/2024 00:00,08:42:00,,1.368841987,46,07/01/2024,Sunday,F
TRIP0164,FERRY,Airport,South Point,01/01/2024 00:00,08:43:00,16,15.01877623,119,07/01/2024,Sunday,F
TRIP0165,FERRY,North Station,Central,01/01/2024 00:00,08:44:00,54,38.77052276,143,07/01/2024,Sunday,F
TRIP0167,FERRY,Central,Downtown,01/01/2024 00:00,08:46:00,89,17.73073186,175,07/01/2024,Sunday,F
TRIP0169,Bus,North Station,Downtown,01/01/2024 00:00,08:48:00,70,0.567004473,21,08/01/2024,Monday,F
TRIP0170,FERRY,West End,South Point,01/01/2024 00:00,08:49:00,44,15.34012611,164,08/01/2024,Monday,F
TRIP0171,FERRY,North Station,Downtown,01/01/2024 00:00,08:50:00,73,32.49970771,,08/01/2024,Monday,F
TRIP0172,Train,Downtown,South Point,01/01/2024 00:00,08:51:00,45,48.72262497,172,08/01/2024,Monday,F
TRIP0174,Tram,Downtown,South Point,01/01/2024 00:00,08:53:00,84,1.66795075,,08/01/2024,Monday,F
TRIP0176,Ferry,West End,South Point,01/01/2024 00:00,08:55:00,57,39.26832146,90,08/01/2024,Monday,F
TRIP0178,FERRY,South Point,West End,01/01/2024 00:00,08:57:00,68,23.17079007,169,08/01/2024,Monday,F
TRIP0179,Bus,North Station,Central,01/01/2024 00:00,08:58:00,50,,,08/01/2024,Monday,F
TRIP0180,Tram,South Point,North Station,01/01/2024 00:00,08:59:00,33,15.49432858,119,08/01/2024,Monday,F
TRIP0183,train,Central,West End,01/01/2024 00:00,09:02:00,70,12.70687993,,08/01/2024,Monday,F
TRIP0184,bus,South Point,Downtown,01/01/2024 00:00,09:03:00,15,,153,08/01/2024,Monday,F
TRIP0185,BUS,Central,West End,01/01/2024 00:00,09:04:00,82,37.49849813,119,08/01/2024,Monday,F
TRIP0186,FERRY,West End,South Point,01/01/2024 00:00,09:05:00,32,23.95358651,67,08/01/2024,Monday,F
TRIP0187,bus,Airport,West End,01/01/2024 00:00,09:06:00,75,3.363300248,108,08/01/2024,Monday,F
TRIP0188,FERRY,Airport,West End,01/01/2024 00:00,09:07:00,20,47.91059515,87,08/01/2024,Monday,F
TRIP0189,Ferry, Central ,South Point,01/01/2024 00:00,09:08:00,88,47.1648538,,08/01/2024,Monday,F
TRIP0191,Tram,North Station,West End,01/01/2024 00:00,09:10:00,48,49.57073113,21,08/01/2024,Monday,F
TRIP0192,bus,South Point,North Station,01/01/2024 00:00,09:11:00,71,27.45187547,10,08/01/2024,Monday,F
TRIP0193,BUS,Downtown,North Station,01/01/2024 00:00,09:12:00,21,,151,09/01/2024,Tuesday,F
TRIP0194,Ferry,North Station,airport,01/01/2024 00:00,09:13:00,42,4.242449511,32,09/01/2024,Tuesday,F
TRIP0195,Ferry,North Station,Airport,01/01/2024 00:00,09:14:00,26,18.60119704,42,09/01/2024,Tuesday,F
TRIP0196,train,Central,Downtown,01/01/2024 00:00,09:15:00,14,11.65637277,123,09/01/2024,Tuesday,F
TRIP0198,Train,West End,North Station,01/01/2024 00:00,09:17:00,37,7.46974597,119,09/01/2024,Tuesday,F
TRIP0199,Train,West End,Downtown,01/01/2024 00:00,09:18:00,58,31.30947526,72,09/01/2024,Tuesday,F
TRIP0200,bus,Downtown,West End,01/01/2024 00:00,09:19:00,21,39.17543186,47,09/01/2024,Tuesday,F
TRIP0201,fErry, Central ,Downtown,01/01/2024 00:00,09:20:00,82,29.12577077,168,09/01/2024,Tuesday,F
TRIP0202,Bus,South Point,Central,01/01/2024 00:00,09:21:00,69,7.774654125,62,09/01/2024,Tuesday,F
TRIP0203,bus,West End,airport,01/01/2024 00:00,09:22:00,3,40.65062661,17,09/01/2024,Tuesday,F
TRIP0204,train,Downtown,West End,01/01/2024 00:00,09:23:00,87,31.979758,56,09/01/2024,Tuesday,F
TRIP0205,Tram,West End,South Point,01/01/2024 00:00,09:24:00,90,19.71420245,62,09/01/2024,Tuesday,F
TRIP0206,fErry, Central ,Airport,01/01/2024 00:00,09:25:00,37,,36,09/01/2024,Tuesday,F
TRIP0207,Tram,Central,West End,01/01/2024 00:00,09:26:00,88,13.36529647,109,09/01/2024,Tuesday,F
TRIP0208,Tram,Downtown,South Point,01/01/2024 00:00,09:27:00,49,17.58701432,87,09/01/2024,Tuesday,F
TRIP0209,Tram,Central,Airport,01/01/2024 00:00,09:28:00,19,45.91554924,103,09/01/2024,Tuesday,F
TRIP0210,train,Central,Airport,01/01/2024 00:00,09:29:00,89,14.87997303,108,09/01/2024,Tuesday,F
TRIP0211,train,Central,West End,01/01/2024 00:00,09:30:00,85,23.76441927,32,09/01/2024,Tuesday,F
TRIP0212,BUS,North Station,Downtown,01/01/2024 00:00,09:31:00,12,44.5619863,133,09/01/2024,Tuesday,F
TRIP0213,fErry,Airport,Downtown,01/01/2024 00:00,09:32:00,61,,174,09/01/2024,Tuesday,F
TRIP0214,fErry,North Station,Airport,01/01/2024 00:00,09:33:00,41,3.579059695,52,09/01/2024,Tuesday,F
TRIP0215,Tram,Airport,Downtown,01/01/2024 00:00,09:34:00,33,7.791500692,44,09/01/2024,Tuesday,F
TRIP0217,FERRY,Downtown,Airport,01/01/2024 00:00,09:36:00,,31.73062862,118,10/01/2024,Wednesday,F
TRIP0218,train, Central ,Airport,01/01/2024 00:00,09:37:00,71,22.65983456,136,10/01/2024,Wednesday,F
TRIP0220,Bus,South Point,Downtown,01/01/2024 00:00,09:39:00,33,47.91773899,159,10/01/2024,Wednesday,F
TRIP0221,Bus,West End,Airport,01/01/2024 00:00,09:40:00,81,26.71815634,141,10/01/2024,Wednesday,F
TRIP0222,Ferry,Airport,Central,01/01/2024 00:00,09:41:00,24,12.47371806,,10/01/2024,Wednesday,F
TRIP0223,train,Downtown,South Point,01/01/2024 00:00,09:42:00,61,25.27987677,148,10/01/2024,Wednesday,F
TRIP0224,Bus,North Station,West End,01/01/2024 00:00,09:43:00,,34.14120647,80,10/01/2024,Wednesday,F
TRIP0225,Tram,Central,Airport,01/01/2024 00:00,09:44:00,98,4.27384129,35,10/01/2024,Wednesday,F
TRIP0226,bus,West End,Central,01/01/2024 00:00,09:45:00,28,14.09783884,123,10/01/2024,Wednesday,F
TRIP0227,fErry,South Point,North Station,01/01/2024 00:00,09:46:00,58,40.4447918,,10/01/2024,Wednesday,F
TRIP0228,Ferry,North Station,airport,01/01/2024 00:00,09:47:00,43,23.25341108,29,10/01/2024,Wednesday,F
TRIP0229,FERRY,North Station,Central,01/01/2024 00:00,09:48:00,41,27.55556853,38,10/01/2024,Wednesday,F
TRIP0230,train,Central,South Point,01/01/2024 00:00,09:49:00,39,21.92439211,71,10/01/2024,Wednesday,F
TRIP0231,BUS,Airport,West End,01/01/2024 00:00,09:50:00,86,2.673047161,156,10/01/2024,Wednesday,F
TRIP0232,Bus,South Point,North Station,01/01/2024 00:00,09:51:00,49,8.704614101,122,10/01/2024,Wednesday,F
TRIP0234,bus,North Station,Downtown,01/01/2024 00:00,09:53:00,98,10.85468054,30,10/01/2024,Wednesday,F
TRIP0236,BUS,Downtown,South Point,01/01/2024 00:00,09:55:00,70,42.26065837,108,10/01/2024,Wednesday,F
TRIP0237,Train,Airport,South Point,01/01/2024 00:00,09:56:00,98,49.06903019,14,10/01/2024,Wednesday,F
TRIP0238,Tram,South Point,Downtown,01/01/2024 00:00,09:57:00,65,39.76057226,71,10/01/2024,Wednesday,F
TRIP0239,FERRY,Airport,North Station,01/01/2024 00:00,09:58:00,74,42.76235362,156,10/01/2024,Wednesday,F
TRIP0240,Ferry,North Station,West End,01/01/2024 00:00,09:59:00,,12.47786795,9,10/01/2024,Wednesday,F
TRIP0241,train,Downtown,airport,01/01/2024 00:00,10:00:00,5,48.05103529,31,11/01/2024,Thursday,F
TRIP0242,Bus,Downtown,Airport,01/01/2024 00:00,10:01:00,2,10.24782237,117,11/01/2024,Thursday,F
TRIP0243,Tram,Downtown,Airport,01/01/2024 00:00,10:02:00,,47.59577561,,11/01/2024,Thursday,F
TRIP0244,Bus,North Station,airport,01/01/2024 00:00,10:03:00,57,49.74355505,167,11/01/2024,Thursday,F
TRIP0245,train,North Station,Downtown,01/01/2024 00:00,10:04:00,,35.73027888,109,11/01/2024,Thursday,F
TRIP0246,Bus,Airport,West End,01/01/2024 00:00,10:05:00,74,49.06661472,48,11/01/2024,Thursday,F
TRIP0247,Train,West End,South Point,01/01/2024 00:00,10:06:00,98,28.69221909,,11/01/2024,Thursday,F
TRIP0249,Tram,South Point,Central,01/01/2024 00:00,10:08:00,51,22.13129634,166,11/01/2024,Thursday,F
TRIP0252,Train,West End,South Point,01/01/2024 00:00,10:11:00,76,,144,11/01/2024,Thursday,F
TRIP0253,Ferry,Central,North Station,01/01/2024 00:00,10:12:00,88,49.06830292,136,11/01/2024,Thursday,F
TRIP0254,Bus,West End,South Point,01/01/2024 00:00,10:13:00,40,9.910328664,91,11/01/2024,Thursday,F
TRIP0255,bus,Airport,Central,01/01/2024 00:00,10:14:00,38,39.73345826,116,11/01/2024,Thursday,F
TRIP0256,Bus,North Station,Central,01/01/2024 00:00,10:15:00,60,45.44099029,,11/01/2024,Thursday,F
TRIP0257,Bus,Downtown,Airport,01/01/2024 00:00,10:16:00,59,47.21322884,93,11/01/2024,Thursday,F
TRIP0258,Ferry, Central ,South Point,01/01/2024 00:00,10:17:00,10,48.02671242,70,11/01/2024,Thursday,F
TRIP0259,Bus,Central,South Point,01/01/2024 00:00,10:18:00,99,26.31225212,162,11/01/2024,Thursday,F
TRIP0261,Train,Central,North Station,01/01/2024 00:00,10:20:00,,37.98685525,,11/01/2024,Thursday,F
TRIP0262,Tram,Central,Downtown,01/01/2024 00:00,10:21:00,49,8.502736094,153,11/01/2024,Thursday,F
TRIP0263,BUS, Central ,Downtown,01/01/2024 00:00,10:22:00,64,24.10655527,,11/01/2024,Thursday,F
TRIP0264,FERRY,West End,South Point,01/01/2024 00:00,10:23:00,,36.05739318,120,11/01/2024,Thursday,F
TRIP0265,bus,Airport,Downtown,01/01/2024 00:00,10:24:00,7,,,12/01/2024,Friday,F
TRIP0266,Bus,Downtown,Central,01/01/2024 00:00,10:25:00,21,32.21045159,42,12/01/2024,Friday,F
TRIP0267,Bus,North Station,Central,01/01/2024 00:00,10:26:00,20,33.49672371,147,12/01/2024,Friday,F
TRIP0268,Ferry, Central ,South Point,01/01/2024 00:00,10:27:00,26,8.553637319,114,12/01/2024,Friday,F
TRIP0269,train,Airport,South Point,01/01/2024 00:00,10:28:00,68,28.47172297,,12/01/2024,Friday,F
TRIP0271,bus,North Station,South Point,01/01/2024 00:00,10:30:00,15,25.19533539,25,12/01/2024,Friday,F
TRIP0273,Train,West End,Downtown,01/01/2024 00:00,10:32:00,79,,126,12/01/2024,Friday,F
TRIP0275,FERRY,Downtown,West End,01/01/2024 00:00,10:34:00,92,46.34660639,74,12/01/2024,Friday,F
TRIP0276,Tram,Central,Airport,01/01/2024 00:00,10:35:00,14,11.81950059,117,12/01/2024,Friday,F
TRIP0277,fErry,South Point,West End,01/01/2024 00:00,10:36:00,27,31.9010026,111,12/01/2024,Friday,F
TRIP0278,Ferry,Airport,Central,01/01/2024 00:00,10:37:00,40,11.4927556,116,12/01/2024,Friday,F
TRIP0279,Ferry,North Station,Downtown,01/01/2024 00:00,10:38:00,58,16.42266449,,12/01/2024,Friday,F
TRIP0281,FERRY,Downtown,West End,01/01/2024 00:00,10:40:00,26,36.57864139,95,12/01/2024,Friday,F
TRIP0282,train,Airport,Downtown,01/01/2024 00:00,10:41:00,63,5.222264227,,12/01/2024,Friday,F
TRIP0284,Tram,Central,North Station,01/01/2024 00:00,10:43:00,25,1.9439033,108,12/01/2024,Friday,F
TRIP0285,Train, Central ,Airport,01/01/2024 00:00,10:44:00,3,24.30406226,155,12/01/2024,Friday,F
TRIP0287,fErry,North Station,Downtown,01/01/2024 00:00,10:46:00,44,6.365879868,142,12/01/2024,Friday,F
TRIP0288,Ferry,Central,North Station,01/01/2024 00:00,10:47:00,97,14.79980448,93,12/01/2024,Friday,F
TRIP0289,FERRY,Airport,Downtown,01/01/2024 00:00,10:48:00,42,20.19291296,65,13/01/2024,Saturday,F
TRIP0290,Bus,South Point,Central,01/01/2024 00:00,10:49:00,,46.01678572,9,13/01/2024,Saturday,F
TRIP0291,Bus,Airport,Central,01/01/2024 00:00,10:50:00,6,49.66612326,126,13/01/2024,Saturday,F
TRIP0292,Tram,West End,North Station,01/01/2024 00:00,10:51:00,39,2.7231093,59,13/01/2024,Saturday,F
TRIP0293,Ferry,West End,Airport,01/01/2024 00:00,10:52:00,52,38.16989221,41,13/01/2024,Saturday,F
TRIP0294,train,Downtown,South Point,01/01/2024 00:00,10:53:00,23,18.90034129,60,13/01/2024,Saturday,F
TRIP0295,bus,North Station,West End,01/01/2024 00:00,10:54:00,89,,106,13/01/2024,Saturday,F
TRIP0296,Ferry,West End,South Point,01/01/2024 00:00,10:55:00,50,37.83611618,,13/01/2024,Saturday,F
TRIP0297,Tram,Central,Downtown,01/01/2024 00:00,10:56:00,43,45.96210839,77,13/01/2024,Saturday,F
TRIP0298,Tram,Airport,West End,01/01/2024 00:00,10:57:00,19,47.57096543,63,13/01/2024,Saturday,F
TRIP0299,Ferry,Airport,North Station,01/01/2024 00:00,10:58:00,69,29.06756801,6,13/01/2024,Saturday,F
TRIP0300,Tram,Downtown,North Station,01/01/2024 00:00,10:59:00,51,18.17749739,108,13/01/2024,Saturday,F
TRIP0301,Ferry,South Point,Airport,01/01/2024 00:00,11:00:00,11,39.48367975,55,13/01/2024,Saturday,F
TRIP0302,Train,Downtown,West End,01/01/2024 00:00,11:01:00,12,12.92456847,34,13/01/2024,Saturday,F
TRIP0303,Ferry,South Point,Central,01/01/2024 00:00,11:02:00,74,28.42166443,15,13/01/2024,Saturday,F
TRIP0304,FERRY,Downtown,West End,01/01/2024 00:00,11:03:00,8,18.24963385,112,13/01/2024,Saturday,F
TRIP0306,Tram,Downtown,Central,01/01/2024 00:00,11:05:00,92,12.39974619,,13/01/2024,Saturday,F
TRIP0307,FERRY,South Point,North Station,01/01/2024 00:00,11:06:00,41,9.983850814,,13/01/2024,Saturday,F
TRIP0308,Tram,South Point,West End,01/01/2024 00:00,11:07:00,36,,127,13/01/2024,Saturday,F
TRIP0309,Bus,Downtown,South Point,01/01/2024 00:00,11:08:00,85,5.539282306,,13/01/2024,Saturday,F
TRIP0310,Bus,West End,Airport,01/01/2024 00:00,11:09:00,72,25.54491643,126,13/01/2024,Saturday,F
TRIP0311,FERRY,North Station,airport,01/01/2024 00:00,11:10:00,55,11.43221276,98,13/01/2024,Saturday,F
TRIP0312,fErry,North Station,Airport,01/01/2024 00:00,11:11:00,9,2.427033185,107,13/01/2024,Saturday,F
TRIP0313,Bus,North Station,Downtown,01/01/2024 00:00,11:12:00,47,2.282931505,166,14/01/2024,Sunday,F
TRIP0315,fErry,South Point,West End,01/01/2024 00:00,11:14:00,48,43.40513255,56,14/01/2024,Sunday,F
TRIP0317,Bus,North Station,South Point,01/01/2024 00:00,11:16:00,,47.54772894,80,14/01/2024,Sunday,F
TRIP0318,Train,North Station,West End,01/01/2024 00:00,11:17:00,60,,133,14/01/2024,Sunday,F
TRIP0320,FERRY,South Point,Central,01/01/2024 00:00,11:19:00,70,29.21439732,44,14/01/2024,Sunday,F
TRIP0321,train,North Station,Downtown,01/01/2024 00:00,11:20:00,12,26.07657007,105,14/01/2024,Sunday,F
TRIP0323,fErry,West End,Downtown,01/01/2024 00:00,11:22:00,7,14.48355527,133,14/01/2024,Sunday,F
TRIP0325,Tram,Airport,West End,01/01/2024 00:00,11:24:00,3,44.75766798,,14/01/2024,Sunday,F
TRIP0326,Train,West End,Central,01/01/2024 00:00,11:25:00,3,47.3495974,153,14/01/2024,Sunday,F
TRIP0327,Bus,Airport,West End,01/01/2024 00:00,11:26:00,27,44.68163226,83,14/01/2024,Sunday,F
TRIP0329,fErry,South Point,West End,01/01/2024 00:00,11:28:00,33,39.1280924,170,14/01/2024,Sunday,F
TRIP0330,Bus,West End,Airport,01/01/2024 00:00,11:29:00,92,24.0786188,103,14/01/2024,Sunday,F
TRIP0331,Train,Downtown,West End,01/01/2024 00:00,11:30:00,1,25.12822268,12,14/01/2024,Sunday,F
TRIP0332,Bus,Airport,West End,01/01/2024 00:00,11:31:00,8,10.6316654,179,14/01/2024,Sunday,F
TRIP0333,train,West End,Central,01/01/2024 00:00,11:32:00,32,29.76095001,21,14/01/2024,Sunday,F
TRIP0334,Tram,Central,West End,01/01/2024 00:00,11:33:00,48,9.713726939,21,14/01/2024,Sunday,F
TRIP0338,FERRY,South Point,Central,01/01/2024 00:00,11:37:00,19,4.022335116,170,15/01/2024,Monday,F
TRIP0339,Bus,South Point,Airport,01/01/2024 00:00,11:38:00,32,,85,15/01/2024,Monday,F
TRIP0341,Ferry,South Point,Central,01/01/2024 00:00,11:40:00,12,25.59256168,177,15/01/2024,Monday,F
TRIP0342,Ferry,Downtown,Central,01/01/2024 00:00,11:41:00,11,20.76589755,10,15/01/2024,Monday,F
TRIP0343,Ferry,Downtown,North Station,01/01/2024 00:00,11:42:00,46,40.63848976,167,15/01/2024,Monday,F
TRIP0344,Tram,West End,Airport,01/01/2024 00:00,11:43:00,16,,114,15/01/2024,Monday,F
TRIP0345,train,Central,Downtown,01/01/2024 00:00,11:44:00,,16.94345614,18,15/01/2024,Monday,F
TRIP0346,Bus,South Point,Downtown,01/01/2024 00:00,11:45:00,,34.83409384,,15/01/2024,Monday,F
TRIP0347,Tram,West End,Central,01/01/2024 00:00,11:46:00,21,38.67057938,147,15/01/2024,Monday,F
TRIP0348,Ferry,Central,West End,01/01/2024 00:00,11:47:00,30,32.905209,58,15/01/2024,Monday,F
TRIP0349,Bus, Central ,Airport,01/01/2024 00:00,11:48:00,13,8.003956203,,15/01/2024,Monday,F
TRIP0350,Tram, Central ,South Point,01/01/2024 00:00,11:49:00,34,43.85621263,17,15/01/2024,Monday,F
TRIP0351,train,Downtown,West End,01/01/2024 00:00,11:50:00,4,27.18518036,163,15/01/2024,Monday,F
TRIP0352,Tram,Airport,West End,01/01/2024 00:00,11:51:00,28,14.48238511,167,15/01/2024,Monday,F
TRIP0353,train,Central,Airport,01/01/2024 00:00,11:52:00,95,21.54879518,64,15/01/2024,Monday,F
TRIP0354,Ferry,Airport,Central,01/01/2024 00:00,11:53:00,59,2.359768975,10,15/01/2024,Monday,F
TRIP0355,train,North Station,Central,01/01/2024 00:00,11:54:00,27,,62,15/01/2024,Monday,F
TRIP0356,Bus, Central ,Central,01/01/2024 00:00,11:55:00,69,38.39456415,53,15/01/2024,Monday,F
TRIP0357,Ferry,Airport,Central,01/01/2024 00:00,11:56:00,25,0.50057592,155,15/01/2024,Monday,F
TRIP0359,bus,Downtown,Central,01/01/2024 00:00,11:58:00,97,26.36425396,30,15/01/2024,Monday,F
TRIP0360,Train,West End,Downtown,01/01/2024 00:00,11:59:00,68,,51,15/01/2024,Monday,F
TRIP0361,train,Airport,Downtown,01/01/2024 00:00,12:00:00,25,48.66736907,9,16/01/2024,Tuesday,F
TRIP0362,Train,South Point,Central,01/01/2024 00:00,12:01:00,20,11.6932039,24,16/01/2024,Tuesday,F
TRIP0364,train,Central,airport,01/01/2024 00:00,12:03:00,26,15.54515436,63,16/01/2024,Tuesday,F
TRIP0365,Ferry,Central,West End,01/01/2024 00:00,12:04:00,5,11.90562477,150,16/01/2024,Tuesday,F
TRIP0366,bus,Airport,Downtown,01/01/2024 00:00,12:05:00,99,0.572954193,,16/01/2024,Tuesday,F
TRIP0367,Bus,North Station,Airport,01/01/2024 00:00,12:06:00,61,36.60256731,21,16/01/2024,Tuesday,F
TRIP0368,Tram,Downtown,Airport,01/01/2024 00:00,12:07:00,92,48.35885224,18,16/01/2024,Tuesday,F
TRIP0369,Bus,Central,South Point,01/01/2024 00:00,12:08:00,93,11.60252742,17,16/01/2024,Tuesday,F
TRIP0370,Tram, Central ,Airport,01/01/2024 00:00,12:09:00,,33.32083599,,16/01/2024,Tuesday,F
TRIP0371,Bus,Central,North Station,01/01/2024 00:00,12:10:00,50,37.22386818,132,16/01/2024,Tuesday,F
TRIP0372,train,West End,Airport,01/01/2024 00:00,12:11:00,,42.49705626,48,16/01/2024,Tuesday,F
TRIP0373,bus,South Point,West End,01/01/2024 00:00,12:12:00,83,21.42014525,123,16/01/2024,Tuesday,F
TRIP0374,Tram,Central,West End,01/01/2024 00:00,12:13:00,60,15.49507983,147,16/01/2024,Tuesday,F
TRIP0376,Ferry,West End,Central,01/01/2024 00:00,12:15:00,11,35.77475599,67,16/01/2024,Tuesday,F
TRIP0377,Bus,Central,North Station,01/01/2024 00:00,12:16:00,66,40.93058359,167,16/01/2024,Tuesday,F
TRIP0378,Bus,North Station,Downtown,01/01/2024 00:00,12:17:00,47,,85,16/01/2024,Tuesday,F
TRIP0379,Tram, Central ,North Station,01/01/2024 00:00,12:18:00,73,18.8615799,167,16/01/2024,Tuesday,F
TRIP0381,Ferry,West End,airport,01/01/2024 00:00,12:20:00,88,40.43132922,152,16/01/2024,Tuesday,F
TRIP0382,train,North Station,Airport,01/01/2024 00:00,12:21:00,98,49.25049094,104,16/01/2024,Tuesday,F
TRIP0383,FERRY,Airport,Central,01/01/2024 00:00,12:22:00,86,37.83528885,167,16/01/2024,Tuesday,F
TRIP0384,train,West End,Downtown,01/01/2024 00:00,12:23:00,3,19.96316245,164,16/01/2024,Tuesday,F
TRIP0385,train,West End,airport,01/01/2024 00:00,12:24:00,,,126,17/01/2024,Wednesday,F
TRIP0386,train,North Station,South Point,01/01/2024 00:00,12:25:00,92,33.22020559,48,17/01/2024,Wednesday,F
TRIP0388,train,North Station,Downtown,01/01/2024 00:00,12:27:00,90,27.45259948,156,17/01/2024,Wednesday,F
TRIP0389,fErry,Central,North Station,01/01/2024 00:00,12:28:00,21,35.61138101,65,17/01/2024,Wednesday,F
TRIP0390,Ferry,North Station,South Point,01/01/2024 00:00,12:29:00,28,8.782404548,129,17/01/2024,Wednesday,F
TRIP0391,train,North Station,Downtown,01/01/2024 00:00,12:30:00,,39.14127001,149,17/01/2024,Wednesday,F
TRIP0392,Ferry,South Point,Central,01/01/2024 00:00,12:31:00,62,29.39675264,75,17/01/2024,Wednesday,F
TRIP0393,Ferry,North Station,Central,01/01/2024 00:00,12:32:00,33,47.63497839,111,17/01/2024,Wednesday,F
TRIP0394,Train,North Station,Central,01/01/2024 00:00,12:33:00,,2.599903761,54,17/01/2024,Wednesday,F
TRIP0395,bus,Airport,Central,01/01/2024 00:00,12:34:00,35,13.63364381,69,17/01/2024,Wednesday,F
TRIP0396,train,Central,North Station,01/01/2024 00:00,12:35:00,52,30.27691703,103,17/01/2024,Wednesday,F
TRIP0399,FERRY,Downtown,West End,01/01/2024 00:00,12:38:00,51,38.07076148,145,17/01/2024,Wednesday,F
TRIP0400,Bus,Central,North Station,01/01/2024 00:00,12:39:00,,5.574540221,62,17/01/2024,Wednesday,F
TRIP0401,bus,Central,North Station,01/01/2024 00:00,12:40:00,82,25.93579598,132,17/01/2024,Wednesday,F
TRIP0402,Tram,Downtown,Airport,01/01/2024 00:00,12:41:00,58,25.6900825,146,17/01/2024,Wednesday,F
TRIP0403,bus,North Station,Airport,01/01/2024 00:00,12:42:00,75,18.77939813,169,17/01/2024,Wednesday,F
TRIP0404,BUS,Airport,West End,01/01/2024 00:00,12:43:00,57,46.6797807,116,17/01/2024,Wednesday,F
TRIP0406,Ferry,South Point,airport,01/01/2024 00:00,12:45:00,,35.0118644,44,17/01/2024,Wednesday,F
TRIP0407,Bus,West End,Central,01/01/2024 00:00,12:46:00,22,35.85916847,148,17/01/2024,Wednesday,F
TRIP0408,Bus,Downtown,North Station,01/01/2024 00:00,12:47:00,17,23.35494912,136,17/01/2024,Wednesday,F
TRIP0409,Tram,Central,Downtown,01/01/2024 00:00,12:48:00,69,46.08922879,,18/01/2024,Thursday,F
TRIP0410,Tram,Central,airport,01/01/2024 00:00,12:49:00,11,34.88247365,94,18/01/2024,Thursday,F
TRIP0411,train,South Point,West End,01/01/2024 00:00,12:50:00,,36.58456255,32,18/01/2024,Thursday,F
TRIP0412,bus,Central,Airport,01/01/2024 00:00,12:51:00,15,43.15369974,100,18/01/2024,Thursday,F
TRIP0413,train, Central ,South Point,01/01/2024 00:00,12:52:00,,14.06654367,35,18/01/2024,Thursday,F
TRIP0414,fErry,South Point,Downtown,01/01/2024 00:00,12:53:00,35,,7,18/01/2024,Thursday,F
TRIP0415,train,Airport,Downtown,01/01/2024 00:00,12:54:00,33,10.16440985,140,18/01/2024,Thursday,F
TRIP0416,Ferry,Airport,West End,01/01/2024 00:00,12:55:00,84,17.59442664,28,18/01/2024,Thursday,F
TRIP0417,Tram,South Point,Central,01/01/2024 00:00,12:56:00,,,,18/01/2024,Thursday,F
TRIP0418,Bus, Central ,airport,01/01/2024 00:00,12:57:00,,48.93701069,175,18/01/2024,Thursday,F
TRIP0419,BUS,Central,Downtown,01/01/2024 00:00,12:58:00,66,42.89859258,163,18/01/2024,Thursday,F
TRIP0420,bus,Central,airport,01/01/2024 00:00,12:59:00,99,35.20790815,49,18/01/2024,Thursday,F
TRIP0422,train,Airport,South Point,01/01/2024 00:00,13:01:00,28,28.32260332,75,18/01/2024,Thursday,F
TRIP0423,bus,North Station,South Point,01/01/2024 00:00,13:02:00,47,47.38098802,112,18/01/2024,Thursday,F
TRIP0425,Ferry,North Station,Airport,01/01/2024 00:00,13:04:00,70,19.33562664,107,18/01/2024,Thursday,F
TRIP0427,Bus,Airport,West End,01/01/2024 00:00,13:06:00,20,,61,18/01/2024,Thursday,F
TRIP0428,Tram,Downtown,South Point,01/01/2024 00:00,13:07:00,1,36.85497464,34,18/01/2024,Thursday,F
TRIP0429,FERRY,Central,North Station,01/01/2024 00:00,13:08:00,72,19.52557441,150,18/01/2024,Thursday,F
TRIP0430,bus,Downtown,North Station,01/01/2024 00:00,13:09:00,87,1.747073991,118,18/01/2024,Thursday,F
TRIP0432,BUS,Airport,Downtown,01/01/2024 00:00,13:11:00,67,1.065190181,171,18/01/2024,Thursday,F
TRIP0434,Ferry,West End,Downtown,01/01/2024 00:00,13:13:00,58,48.52772693,102,19/01/2024,Friday,F
TRIP0435,Train,Central,South Point,01/01/2024 00:00,13:14:00,25,22.16423574,175,19/01/2024,Friday,F
TRIP0436,Bus,Airport,Central,01/01/2024 00:00,13:15:00,47,12.13118355,130,19/01/2024,Friday,F
TRIP0437,Train,North Station,South Point,01/01/2024 00:00,13:16:00,38,,177,19/01/2024,Friday,F
TRIP0438,FERRY,West End,North Station,01/01/2024 00:00,13:17:00,15,40.94784303,155,19/01/2024,Friday,F
TRIP0439,train,West End,North Station,01/01/2024 00:00,13:18:00,63,27.54830065,98,19/01/2024,Friday,F
TRIP0441,Ferry,South Point,Downtown,01/01/2024 00:00,13:20:00,99,3.057601722,126,19/01/2024,Friday,F
TRIP0442,train,Central,Downtown,01/01/2024 00:00,13:21:00,57,25.48738212,,19/01/2024,Friday,F
TRIP0443,Train,West End,Airport,01/01/2024 00:00,13:22:00,53,36.06347039,8,19/01/2024,Friday,F
TRIP0444,FERRY, Central ,North Station,01/01/2024 00:00,13:23:00,46,43.20070332,97,19/01/2024,Friday,F
TRIP0445,train,Airport,West End,01/01/2024 00:00,13:24:00,,9.373152789,155,19/01/2024,Friday,F
TRIP0446,FERRY,North Station,Airport,01/01/2024 00:00,13:25:00,76,40.10017235,10,19/01/2024,Friday,F
TRIP0447,Train,South Point,Downtown,01/01/2024 00:00,13:26:00,17,27.85900025,36,19/01/2024,Friday,F
TRIP0448,fErry,Central,South Point,01/01/2024 00:00,13:27:00,39,20.12940726,110,19/01/2024,Friday,F
TRIP0450,Train,North Station,airport,01/01/2024 00:00,13:29:00,99,43.33214007,19,19/01/2024,Friday,F
TRIP0451,Train, Central ,Airport,01/01/2024 00:00,13:30:00,77,,172,19/01/2024,Friday,F
TRIP0452,BUS,West End,North Station,01/01/2024 00:00,13:31:00,79,15.83449903,126,19/01/2024,Friday,F
TRIP0453,Bus,North Station,Downtown,01/01/2024 00:00,13:32:00,82,14.85725383,100,19/01/2024,Friday,F
TRIP0454,Bus,Airport,South Point,01/01/2024 00:00,13:33:00,97,43.63499469,10,19/01/2024,Friday,F
TRIP0455,Bus,West End,North Station,01/01/2024 00:00,13:34:00,6,33.79879821,116,19/01/2024,Friday,F
TRIP0456,BUS,South Point,West End,01/01/2024 00:00,13:35:00,91,39.93572916,124,19/01/2024,Friday,F
TRIP0457,train,Central,South Point,01/01/2024 00:00,13:36:00,23,12.89816099,127,20/01/2024,Saturday,F
TRIP0458,FERRY,South Point,Airport,01/01/2024 00:00,13:37:00,,31.43126793,71,20/01/2024,Saturday,F
TRIP0460,Train,Downtown,West End,01/01/2024 00:00,13:39:00,98,41.72510365,,20/01/2024,Saturday,F
TRIP0462,Train,Central,Downtown,01/01/2024 00:00,13:41:00,38,1.101760188,149,20/01/2024,Saturday,F
TRIP0463,Ferry,North Station,South Point,01/01/2024 00:00,13:42:00,14,33.86398599,100,20/01/2024,Saturday,F
TRIP0464,Train,North Station,West End,01/01/2024 00:00,13:43:00,72,3.065872056,136,20/01/2024,Saturday,F
TRIP0465,Bus,Downtown,Central,01/01/2024 00:00,13:44:00,62,27.66850392,85,20/01/2024,Saturday,F
TRIP0467,Tram,Central,North Station,01/01/2024 00:00,13:46:00,19,15.68544168,,20/01/2024,Saturday,F
TRIP0468,Train,Downtown,South Point,01/01/2024 00:00,13:47:00,,17.97144592,164,20/01/2024,Saturday,F
TRIP0469,FERRY,North Station,West End,01/01/2024 00:00,13:48:00,78,31.25397623,39,20/01/2024,Saturday,F
TRIP0470,Bus,North Station,Downtown,01/01/2024 00:00,13:49:00,84,,26,20/01/2024,Saturday,F
TRIP0472,bus,South Point,West End,01/01/2024 00:00,13:51:00,40,20.52410559,116,20/01/2024,Saturday,F
TRIP0473,Tram, Central ,Downtown,01/01/2024 00:00,13:52:00,,3.883483415,15,20/01/2024,Saturday,F
TRIP0474,Bus,North Station,West End,01/01/2024 00:00,13:53:00,14,39.2961122,7,20/01/2024,Saturday,F
TRIP0475,train,Airport,South Point,01/01/2024 00:00,13:54:00,26,14.64503707,141,20/01/2024,Saturday,F
TRIP0476,train,Airport,South Point,01/01/2024 00:00,13:55:00,87,,,20/01/2024,Saturday,F
TRIP0477,Tram,North Station,South Point,01/01/2024 00:00,13:56:00,22,34.42947222,80,20/01/2024,Saturday,F
TRIP0478,Ferry,South Point,Airport,01/01/2024 00:00,13:57:00,48,16.95657978,91,20/01/2024,Saturday,F
TRIP0479,FERRY,South Point,Airport,01/01/2024 00:00,13:58:00,83,3.300989979,18,20/01/2024,Saturday,F
TRIP0480,FERRY,Downtown,Central,01/01/2024 00:00,13:59:00,51,19.00909183,22,20/01/2024,Saturday,F
TRIP0481,Tram,Airport,South Point,01/01/2024 00:00,14:00:00,,47.25020484,117,21/01/2024,Sunday,F
TRIP0483,Train,Airport,West End,01/01/2024 00:00,14:02:00,19,33.73821786,27,21/01/2024,Sunday,F
TRIP0484,FERRY,West End,North Station,01/01/2024 00:00,14:03:00,73,31.79796661,87,21/01/2024,Sunday,F
TRIP0485,BUS,West End,Downtown,01/01/2024 00:00,14:04:00,28,10.35011088,129,21/01/2024,Sunday,F
TRIP0486,train,Central,Airport,01/01/2024 00:00,14:05:00,84,21.20752627,179,21/01/2024,Sunday,F
TRIP0487,Ferry,Downtown,Airport,01/01/2024 00:00,14:06:00,45,37.67152002,73,21/01/2024,Sunday,F
TRIP0488,Bus,North Station,Downtown,01/01/2024 00:00,14:07:00,,5.517958429,51,21/01/2024,Sunday,F
TRIP0489,Train,Downtown,Airport,01/01/2024 00:00,14:08:00,78,14.25371242,120,21/01/2024,Sunday,F
TRIP0490,FERRY,North Station,South Point,01/01/2024 00:00,14:09:00,,14.17779587,34,21/01/2024,Sunday,F
TRIP0491,train,South Point,Central,01/01/2024 00:00,14:10:00,73,21.88493692,29,21/01/2024,Sunday,F
TRIP0492,bus,Downtown,airport,01/01/2024 00:00,14:11:00,,49.02825268,160,21/01/2024,Sunday,F
TRIP0493,train,South Point,Central,01/01/2024 00:00,14:12:00,47,,116,21/01/2024,Sunday,F
TRIP0496,train, Central ,Central,01/01/2024 00:00,14:15:00,53,48.548489,62,21/01/2024,Sunday,F
TRIP0498,Tram,South Point,West End,01/01/2024 00:00,14:17:00,36,20.47824962,123,21/01/2024,Sunday,F
TRIP0499,Train,North Station,Central,01/01/2024 00:00,14:18:00,,37.02530675,131,21/01/2024,Sunday,F
TRIP0501,FERRY,West End,North Station,01/01/2024 00:00,14:20:00,,21.42506753,29,21/01/2024,Sunday,F
TRIP0502,train,North Station,Downtown,01/01/2024 00:00,14:21:00,9,17.65294631,82,21/01/2024,Sunday,F
TRIP0504,Tram, Central ,West End,01/01/2024 00:00,14:23:00,,13.58167503,120,21/01/2024,Sunday,F
TRIP0505,BUS,Downtown,North Station,01/01/2024 00:00,14:24:00,52,10.66398047,52,22/01/2024,Monday,F
TRIP0506,Bus,Downtown,South Point,01/01/2024 00:00,14:25:00,89,24.41046503,,22/01/2024,Monday,F
TRIP0507,bus,Airport,South Point,01/01/2024 00:00,14:26:00,14,13.79242093,103,22/01/2024,Monday,F
TRIP0511,bus,Downtown,North Station,01/01/2024 00:00,14:30:00,,30.38004143,177,22/01/2024,Monday,F
TRIP0513,Tram,North Station,West End,01/01/2024 00:00,14:32:00,94,4.241388886,,22/01/2024,Monday,F
TRIP0514,train,South Point,Central,01/01/2024 00:00,14:33:00,41,47.59544943,68,22/01/2024,Monday,F
TRIP0515,bus, Central ,West End,01/01/2024 00:00,14:34:00,68,15.21589412,,22/01/2024,Monday,F
TRIP0516,fErry,Airport,Downtown,01/01/2024 00:00,14:35:00,68,,,22/01/2024,Monday,F
TRIP0517,train, Central ,Central,01/01/2024 00:00,14:36:00,92,30.15270706,125,22/01/2024,Monday,F
TRIP0518,FERRY,Central,North Station,01/01/2024 00:00,14:37:00,8,31.37061453,46,22/01/2024,Monday,F
TRIP0519,Ferry,West End,South Point,01/01/2024 00:00,14:38:00,,32.6009886,58,22/01/2024,Monday,F
TRIP0520,fErry,Airport,West End,01/01/2024 00:00,14:39:00,86,13.73640038,79,22/01/2024,Monday,F
TRIP0521,Tram,North Station,Central,01/01/2024 00:00,14:40:00,41,1.247978869,,22/01/2024,Monday,F
TRIP0522,bus,Airport,Downtown,01/01/2024 00:00,14:41:00,55,48.26826079,22,22/01/2024,Monday,F
TRIP0523,BUS, Central ,Central,01/01/2024 00:00,14:42:00,16,12.91920576,94,22/01/2024,Monday,F
TRIP0524,Tram,West End,airport,01/01/2024 00:00,14:43:00,93,33.96330126,148,22/01/2024,Monday,F
TRIP0525,Train,North Station,Downtown,01/01/2024 00:00,14:44:00,62,35.47817856,10,22/01/2024,Monday,F
TRIP0526,train,Central,North Station,01/01/2024 00:00,14:45:00,48,30.69536715,112,22/01/2024,Monday,F
TRIP0527,Ferry,Airport,South Point,01/01/2024 00:00,14:46:00,30,15.98891601,179,22/01/2024,Monday,F
TRIP0528,Bus, Central ,North Station,01/01/2024 00:00,14:47:00,12,13.91926456,52,22/01/2024,Monday,F
TRIP0530,Ferry,Downtown,Central,01/01/2024 00:00,14:49:00,11,43.37173386,80,23/01/2024,Tuesday,F
TRIP0531,Tram,Central,Airport,01/01/2024 00:00,14:50:00,64,47.36331958,81,23/01/2024,Tuesday,F
TRIP0532,Train,Central,Downtown,01/01/2024 00:00,14:51:00,,5.742337318,136,23/01/2024,Tuesday,F
TRIP0533,FERRY,Airport,Downtown,01/01/2024 00:00,14:52:00,85,8.164016324,134,23/01/2024,Tuesday,F
TRIP0534,Train,Airport,Central,01/01/2024 00:00,14:53:00,21,47.26444481,63,23/01/2024,Tuesday,F
TRIP0535,bus,North Station,Airport,01/01/2024 00:00,14:54:00,69,36.9584938,159,23/01/2024,Tuesday,F
TRIP0536,Train,Airport,Central,01/01/2024 00:00,14:55:00,48,44.20819433,31,23/01/2024,Tuesday,F
TRIP0537,bus,South Point,West End,01/01/2024 00:00,14:56:00,20,10.53031539,83,23/01/2024,Tuesday,F
TRIP0538,train,West End,North Station,01/01/2024 00:00,14:57:00,67,29.58550062,76,23/01/2024,Tuesday,F
TRIP0539,FERRY,West End,Downtown,01/01/2024 00:00,14:58:00,44,,11,23/01/2024,Tuesday,F
TRIP0540,BUS,Downtown,West End,01/01/2024 00:00,14:59:00,,34.16553833,115,23/01/2024,Tuesday,F
TRIP0541,Bus,Downtown,North Station,01/01/2024 00:00,15:00:00,73,20.7035087,123,23/01/2024,Tuesday,F
TRIP0543,bus,Downtown,Airport,01/01/2024 00:00,15:02:00,9,29.35483981,67,23/01/2024,Tuesday,F
TRIP0544,Bus,North Station,airport,01/01/2024 00:00,15:03:00,68,13.02852619,128,23/01/2024,Tuesday,F
TRIP0545,Train,Airport,Central,01/01/2024 00:00,15:04:00,35,22.78758518,16,23/01/2024,Tuesday,F
TRIP0546,Train,West End,Central,01/01/2024 00:00,15:05:00,81,47.90026025,145,23/01/2024,Tuesday,F
TRIP0547,Bus,Downtown,North Station,01/01/2024 00:00,15:06:00,98,20.25224822,47,23/01/2024,Tuesday,F
TRIP0548,FERRY,West End,South Point,01/01/2024 00:00,15:07:00,88,42.07017953,,23/01/2024,Tuesday,F
TRIP0549,Train,South Point,Airport,01/01/2024 00:00,15:08:00,96,9.832759985,67,23/01/2024,Tuesday,F
TRIP0550,train,Central,North Station,01/01/2024 00:00,15:09:00,65,33.78679465,124,23/01/2024,Tuesday,F
TRIP0551,train,Airport,South Point,01/01/2024 00:00,15:10:00,,48.86184424,40,23/01/2024,Tuesday,F
TRIP0553,bus,Central,Airport,01/01/2024 00:00,15:12:00,87,0.91183714,73,24/01/2024,Wednesday,F
TRIP0554,bus,Downtown,West End,01/01/2024 00:00,15:13:00,47,21.96234824,94,24/01/2024,Wednesday,F
TRIP0555,Bus,Central,Downtown,01/01/2024 00:00,15:14:00,40,,40,24/01/2024,Wednesday,F
TRIP0557,FERRY,West End,South Point,01/01/2024 00:00,15:16:00,54,45.77015886,122,24/01/2024,Wednesday,F
TRIP0558,FERRY, Central ,Downtown,01/01/2024 00:00,15:17:00,76,21.98403815,97,24/01/2024,Wednesday,F
TRIP0559,bus,Downtown,Central,01/01/2024 00:00,15:18:00,46,13.30622629,179,24/01/2024,Wednesday,F
TRIP0560,train,West End,South Point,01/01/2024 00:00,15:19:00,47,,80,24/01/2024,Wednesday,F
TRIP0561,bus,Airport,North Station,01/01/2024 00:00,15:20:00,15,36.31066698,105,24/01/2024,Wednesday,F
TRIP0562,FERRY,Downtown,Central,01/01/2024 00:00,15:21:00,,0.948180998,162,24/01/2024,Wednesday,F
TRIP0563,BUS,North Station,Central,01/01/2024 00:00,15:22:00,26,29.67797248,155,24/01/2024,Wednesday,F
TRIP0564,fErry,Central,North Station,01/01/2024 00:00,15:23:00,52,,148,24/01/2024,Wednesday,F
TRIP0566,Ferry, Central ,Central,01/01/2024 00:00,15:25:00,22,12.48009296,75,24/01/2024,Wednesday,F
TRIP0567,bus,West End,South Point,01/01/2024 00:00,15:26:00,21,35.84560981,128,24/01/2024,Wednesday,F
TRIP0568,train,South Point,Downtown,01/01/2024 00:00,15:27:00,,,129,24/01/2024,Wednesday,F
TRIP0569,Bus,Downtown,Central,01/01/2024 00:00,15:28:00,38,10.36388166,41,24/01/2024,Wednesday,F
TRIP0570,bus,Central,South Point,01/01/2024 00:00,15:29:00,20,43.93476731,33,24/01/2024,Wednesday,F
TRIP0571,train,Downtown,West End,01/01/2024 00:00,15:30:00,29,37.06679596,147,24/01/2024,Wednesday,F
TRIP0572,Tram,West End,South Point,01/01/2024 00:00,15:31:00,51,1.180404924,179,24/01/2024,Wednesday,F
TRIP0574,FERRY,Central,South Point,01/01/2024 00:00,15:33:00,55,11.11312091,23,24/01/2024,Wednesday,F
TRIP0575,Bus,West End,North Station,01/01/2024 00:00,15:34:00,71,13.90491324,110,24/01/2024,Wednesday,F
TRIP0577,train,South Point,Airport,01/01/2024 00:00,15:36:00,28,3.595051639,68,25/01/2024,Thursday,F
TRIP0578,train,Airport,West End,01/01/2024 00:00,15:37:00,4,23.21755557,169,25/01/2024,Thursday,F
TRIP0579,Tram,West End,North Station,01/01/2024 00:00,15:38:00,22,36.770307,31,25/01/2024,Thursday,F
TRIP0581,Tram,West End,South Point,01/01/2024 00:00,15:40:00,45,33.8071476,33,25/01/2024,Thursday,F
TRIP0582,Train,South Point,Downtown,01/01/2024 00:00,15:41:00,67,4.516884338,152,25/01/2024,Thursday,F
TRIP0583,Train,Airport,West End,01/01/2024 00:00,15:42:00,86,47.59879015,29,25/01/2024,Thursday,F
TRIP0585,FERRY,Central,Airport,01/01/2024 00:00,15:44:00,88,,67,25/01/2024,Thursday,F
TRIP0586,Tram,North Station,Airport,01/01/2024 00:00,15:45:00,34,41.23769835,168,25/01/2024,Thursday,F
TRIP0587,Bus,Downtown,West End,01/01/2024 00:00,15:46:00,91,46.66917015,134,25/01/2024,Thursday,F
TRIP0589,train,North Station,West End,01/01/2024 00:00,15:48:00,1,10.41395988,20,25/01/2024,Thursday,F
TRIP0590,bus,West End,Airport,01/01/2024 00:00,15:49:00,72,31.03078859,150,25/01/2024,Thursday,F
TRIP0591,FERRY,Downtown,Central,01/01/2024 00:00,15:50:00,87,37.27263394,104,25/01/2024,Thursday,F
TRIP0592,Train,Downtown,North Station,01/01/2024 00:00,15:51:00,,37.02691097,34,25/01/2024,Thursday,F
TRIP0593,fErry,North Station,West End,01/01/2024 00:00,15:52:00,6,,49,25/01/2024,Thursday,F
TRIP0594,BUS,North Station,Airport,01/01/2024 00:00,15:53:00,86,3.888706607,23,25/01/2024,Thursday,F
TRIP0596,BUS,Central,Airport,01/01/2024 00:00,15:55:00,82,46.07794712,145,25/01/2024,Thursday,F
TRIP0597,Train,North Station,South Point,01/01/2024 00:00,15:56:00,,29.43022103,175,25/01/2024,Thursday,F
TRIP0598,Tram,North Station,airport,01/01/2024 00:00,15:57:00,61,27.14743119,66,25/01/2024,Thursday,F
TRIP0599,FERRY,Airport,South Point,01/01/2024 00:00,15:58:00,12,13.80824896,122,25/01/2024,Thursday,F
TRIP0600,Train,West End,Downtown,01/01/2024 00:00,15:59:00,6,18.73822154,104,25/01/2024,Thursday,F
TRIP0601,Train, Central ,Downtown,01/01/2024 00:00,16:00:00,90,44.81963141,26,26/01/2024,Friday,F
TRIP0603,Train,Downtown,Central,01/01/2024 00:00,16:02:00,8,39.47565782,168,26/01/2024,Friday,F
TRIP0604,Bus,Central,West End,01/01/2024 00:00,16:03:00,83,22.99009844,77,26/01/2024,Friday,F
TRIP0605,bus,West End,Airport,01/01/2024 00:00,16:04:00,65,31.69723736,151,26/01/2024,Friday,F
TRIP0606,bus,South Point,Airport,01/01/2024 00:00,16:05:00,57,12.79498863,42,26/01/2024,Friday,F
TRIP0607,Tram,South Point,Central,01/01/2024 00:00,16:06:00,93,35.4203111,74,26/01/2024,Friday,F
TRIP0608,FERRY,North Station,South Point,01/01/2024 00:00,16:07:00,99,21.66626602,120,26/01/2024,Friday,F
TRIP0609,Train,North Station,Central,01/01/2024 00:00,16:08:00,40,22.40600298,83,26/01/2024,Friday,F
TRIP0611,Tram,North Station,South Point,01/01/2024 00:00,16:10:00,35,46.84589076,13,26/01/2024,Friday,F
TRIP0612,Ferry,Central,North Station,01/01/2024 00:00,16:11:00,48,3.668314157,36,26/01/2024,Friday,F
TRIP0614,Tram,North Station,Downtown,01/01/2024 00:00,16:13:00,56,14.97296397,54,26/01/2024,Friday,F
TRIP0615,Train,Downtown,South Point,01/01/2024 00:00,16:14:00,49,22.474013,,26/01/2024,Friday,F
TRIP0616,Ferry, Central ,North Station,01/01/2024 00:00,16:15:00,13,,,26/01/2024,Friday,F
TRIP0617,Tram,West End,Airport,01/01/2024 00:00,16:16:00,,15.40178085,152,26/01/2024,Friday,F
TRIP0618,Bus,Central,Downtown,01/01/2024 00:00,16:17:00,49,25.38024651,91,26/01/2024,Friday,F
TRIP0619,Bus,West End,South Point,01/01/2024 00:00,16:18:00,46,3.280715829,130,26/01/2024,Friday,F
TRIP0620,bus,West End,South Point,01/01/2024 00:00,16:19:00,62,24.8092386,79,26/01/2024,Friday,F
TRIP0621,Ferry,Downtown,Central,01/01/2024 00:00,16:20:00,8,46.39197613,169,26/01/2024,Friday,F
TRIP0623,bus,Central,Airport,01/01/2024 00:00,16:22:00,,38.33981604,,26/01/2024,Friday,F
TRIP0624,Tram, Central ,Downtown,01/01/2024 00:00,16:23:00,97,,48,26/01/2024,Friday,F
TRIP0625,Ferry,Central,South Point,01/01/2024 00:00,16:24:00,90,32.93109887,,27/01/2024,Saturday,F
TRIP0626,Bus,Central,Airport,01/01/2024 00:00,16:25:00,39,13.3817116,81,27/01/2024,Saturday,F
TRIP0627,BUS,Downtown,Airport,01/01/2024 00:00,16:26:00,85,,46,27/01/2024,Saturday,F
TRIP0628,Train, Central ,West End,01/01/2024 00:00,16:27:00,49,8.442899406,141,27/01/2024,Saturday,F
TRIP0629,BUS,West End,Central,01/01/2024 00:00,16:28:00,64,3.989351309,110,27/01/2024,Saturday,F
TRIP0630,Tram,Central,Downtown,01/01/2024 00:00,16:29:00,62,,99,27/01/2024,Saturday,F
TRIP0631,bus,North Station,South Point,01/01/2024 00:00,16:30:00,54,33.37885956,139,27/01/2024,Saturday,F
TRIP0632,bus,North Station,Airport,01/01/2024 00:00,16:31:00,9,44.14368529,72,27/01/2024,Saturday,F
TRIP0633,Tram,West End,South Point,01/01/2024 00:00,16:32:00,88,,151,27/01/2024,Saturday,F
TRIP0634,BUS,Downtown,West End,01/01/2024 00:00,16:33:00,37,34.41414834,163,27/01/2024,Saturday,F
TRIP0635,train,South Point,Downtown,01/01/2024 00:00,16:34:00,49,5.966377239,132,27/01/2024,Saturday,F
TRIP0636,BUS,South Point,Airport,01/01/2024 00:00,16:35:00,41,14.81477859,167,27/01/2024,Saturday,F
TRIP0637,bus,North Station,South Point,01/01/2024 00:00,16:36:00,17,15.83544033,89,27/01/2024,Saturday,F
TRIP0638,BUS,Airport,Central,01/01/2024 00:00,16:37:00,88,12.87286885,163,27/01/2024,Saturday,F
TRIP0639,Train,Airport,West End,01/01/2024 00:00,16:38:00,21,,87,27/01/2024,Saturday,F
TRIP0640,Ferry,West End,Downtown,01/01/2024 00:00,16:39:00,51,27.00991384,99,27/01/2024,Saturday,F
TRIP0641,FERRY,South Point,West End,01/01/2024 00:00,16:40:00,,18.16585577,36,27/01/2024,Saturday,F
TRIP0642,Bus,North Station,Central,01/01/2024 00:00,16:41:00,39,18.01256336,70,27/01/2024,Saturday,F
TRIP0644,bus,South Point,West End,01/01/2024 00:00,16:43:00,41,39.56999599,142,27/01/2024,Saturday,F
TRIP0646,Train,North Station,Central,01/01/2024 00:00,16:45:00,,45.73252797,64,27/01/2024,Saturday,F
TRIP0648,train,Downtown,Central,01/01/2024 00:00,16:47:00,11,16.67375583,100,27/01/2024,Saturday,F
TRIP0649,Train,Central,North Station,01/01/2024 00:00,16:48:00,19,18.04403497,148,28/01/2024,Sunday,F
TRIP0650,Ferry,West End,North Station,01/01/2024 00:00,16:49:00,11,25.52889059,20,28/01/2024,Sunday,F
TRIP0651,Bus,Central,South Point,01/01/2024 00:00,16:50:00,77,47.08548022,50,28/01/2024,Sunday,F
TRIP0652,FERRY,Central,Airport,01/01/2024 00:00,16:51:00,46,43.87781194,171,28/01/2024,Sunday,F
TRIP0653,Tram,South Point,West End,01/01/2024 00:00,16:52:00,45,5.577114148,163,28/01/2024,Sunday,F
TRIP0654,Train,Airport,South Point,01/01/2024 00:00,16:53:00,1,19.94017179,111,28/01/2024,Sunday,F
TRIP0655,bus,North Station,West End,01/01/2024 00:00,16:54:00,40,,92,28/01/2024,Sunday,F
TRIP0656,Train,Downtown,Airport,01/01/2024 00:00,16:55:00,19,25.40505739,133,28/01/2024,Sunday,F
TRIP0657,bus,Central,North Station,01/01/2024 00:00,16:56:00,76,,143,28/01/2024,Sunday,F
TRIP0658,Ferry,Downtown,Airport,01/01/2024 00:00,16:57:00,72,43.01143017,123,28/01/2024,Sunday,F
TRIP0659,bus,Airport,North Station,01/01/2024 00:00,16:58:00,72,34.00856876,89,28/01/2024,Sunday,F
TRIP0660,fErry, Central ,Airport,01/01/2024 00:00,16:59:00,,41.97646456,8,28/01/2024,Sunday,F
TRIP0661,Bus,Central,South Point,01/01/2024 00:00,17:00:00,12,43.00883183,,28/01/2024,Sunday,F
TRIP0662,bus,West End,Downtown,01/01/2024 00:00,17:01:00,61,37.54361476,158,28/01/2024,Sunday,F
TRIP0663,bus,Central,South Point,01/01/2024 00:00,17:02:00,33,,115,28/01/2024,Sunday,F
TRIP0664,Bus,South Point,West End,01/01/2024 00:00,17:03:00,45,30.72206437,54,28/01/2024,Sunday,F
TRIP0665,Tram,North Station,South Point,01/01/2024 00:00,17:04:00,90,8.438087603,144,28/01/2024,Sunday,F
TRIP0666,Train,West End,Central,01/01/2024 00:00,17:05:00,92,33.84544817,99,28/01/2024,Sunday,F
TRIP0667,bus,Central,West End,01/01/2024 00:00,17:06:00,69,9.373036159,96,28/01/2024,Sunday,F
TRIP0668,Bus,Downtown,Airport,01/01/2024 00:00,17:07:00,,34.85050473,69,28/01/2024,Sunday,F
TRIP0670,Bus,West End,Downtown,01/01/2024 00:00,17:09:00,91,6.318789357,110,28/01/2024,Sunday,F
TRIP0671,Ferry,Central,North Station,01/01/2024 00:00,17:10:00,46,8.681582262,,28/01/2024,Sunday,F
TRIP0672,Tram,West End,Airport,01/01/2024 00:00,17:11:00,87,,110,28/01/2024,Sunday,F
TRIP0673,Train,Downtown,West End,01/01/2024 00:00,17:12:00,30,36.07761108,28,29/01/2024,Monday,F
TRIP0675,FERRY,West End,Airport,01/01/2024 00:00,17:14:00,87,25.98920082,112,29/01/2024,Monday,F
TRIP0677,train,Downtown,North Station,01/01/2024 00:00,17:16:00,47,4.635939707,,29/01/2024,Monday,F
TRIP0678,bus,Central,South Point,01/01/2024 00:00,17:17:00,84,1.446883839,44,29/01/2024,Monday,F
TRIP0679,Tram,North Station,Airport,01/01/2024 00:00,17:18:00,82,8.70453476,54,29/01/2024,Monday,F
TRIP0680,Bus,West End,Central,01/01/2024 00:00,17:19:00,,,175,29/01/2024,Monday,F
TRIP0681,FERRY,North Station,Downtown,01/01/2024 00:00,17:20:00,66,12.45607366,79,29/01/2024,Monday,F
TRIP0682,bus,Downtown,North Station,01/01/2024 00:00,17:21:00,68,18.0364307,16,29/01/2024,Monday,F
TRIP0684,Bus,Airport,North Station,01/01/2024 00:00,17:23:00,33,11.50688459,117,29/01/2024,Monday,F
TRIP0685,BUS,South Point,West End,01/01/2024 00:00,17:24:00,36,,53,29/01/2024,Monday,F
TRIP0688,Bus,North Station,Airport,01/01/2024 00:00,17:27:00,28,3.357741882,64,29/01/2024,Monday,F
TRIP0689,Bus,West End,South Point,01/01/2024 00:00,17:28:00,40,19.85612702,34,29/01/2024,Monday,F
TRIP0690,train,Central,West End,01/01/2024 00:00,17:29:00,,,88,29/01/2024,Monday,F
TRIP0691,Tram,Airport,West End,01/01/2024 00:00,17:30:00,97,11.3679192,170,29/01/2024,Monday,F
TRIP0692,Bus,North Station,Central,01/01/2024 00:00,17:31:00,76,48.01320873,,29/01/2024,Monday,F
TRIP0693,train,South Point,West End,01/01/2024 00:00,17:32:00,15,31.00687405,29,29/01/2024,Monday,F
TRIP0694,bus,South Point,Central,01/01/2024 00:00,17:33:00,41,28.06548294,,29/01/2024,Monday,F
TRIP0696,Ferry,West End,Airport,01/01/2024 00:00,17:35:00,2,21.7327445,14,29/01/2024,Monday,F
TRIP0697,Bus,North Station,Central,01/01/2024 00:00,17:36:00,63,27.27479769,46,30/01/2024,Tuesday,F
TRIP0698,Tram,Downtown,South Point,01/01/2024 00:00,17:37:00,29,34.97327545,44,30/01/2024,Tuesday,F
TRIP0699,Tram,North Station,Airport,01/01/2024 00:00,17:38:00,74,35.25623176,81,30/01/2024,Tuesday,F
TRIP0700,bus,West End,Central,01/01/2024 00:00,17:39:00,66,8.998848431,109,30/01/2024,Tuesday,F
TRIP0701,Bus,South Point,Airport,01/01/2024 00:00,17:40:00,,25.25558123,122,30/01/2024,Tuesday,F
TRIP0702,Ferry,Central,Airport,01/01/2024 00:00,17:41:00,75,20.8919257,46,30/01/2024,Tuesday,F
TRIP0703,Tram,South Point,Airport,01/01/2024 00:00,17:42:00,,43.59108483,51,30/01/2024,Tuesday,F
TRIP0705,FERRY,Airport,South Point,01/01/2024 00:00,17:44:00,,26.85895129,26,30/01/2024,Tuesday,F
TRIP0706,BUS,Central,North Station,01/01/2024 00:00,17:45:00,82,6.212034788,,30/01/2024,Tuesday,F
TRIP0707,train,Downtown,North Station,01/01/2024 00:00,17:46:00,51,,31,30/01/2024,Tuesday,F
TRIP0708,FERRY,West End,Central,01/01/2024 00:00,17:47:00,73,6.301593331,45,30/01/2024,Tuesday,F
TRIP0709,Tram,Central,Airport,01/01/2024 00:00,17:48:00,39,17.19172549,84,30/01/2024,Tuesday,F
TRIP0710,Ferry,Downtown,Central,01/01/2024 00:00,17:49:00,28,7.570677258,166,30/01/2024,Tuesday,F
TRIP0711,Train,West End,Downtown,01/01/2024 00:00,17:50:00,3,34.75764553,164,30/01/2024,Tuesday,F
TRIP0712,fErry,South Point,Downtown,01/01/2024 00:00,17:51:00,84,10.70947963,93,30/01/2024,Tuesday,F
TRIP0713,bus,Airport,West End,01/01/2024 00:00,17:52:00,70,19.89703897,70,30/01/2024,Tuesday,F
TRIP0714,bus,West End,Downtown,01/01/2024 00:00,17:53:00,27,44.83590149,16,30/01/2024,Tuesday,F
TRIP0715,Ferry,North Station,airport,01/01/2024 00:00,17:54:00,2,10.61366098,172,30/01/2024,Tuesday,F
TRIP0716,fErry,West End,South Point,01/01/2024 00:00,17:55:00,93,25.63635067,77,30/01/2024,Tuesday,F
TRIP0717,Bus,West End,Central,01/01/2024 00:00,17:56:00,38,21.25394723,80,30/01/2024,Tuesday,F
TRIP0718,Tram,Airport,South Point,01/01/2024 00:00,17:57:00,3,1.397140032,94,30/01/2024,Tuesday,F
TRIP0719,Ferry,North Station,Downtown,01/01/2024 00:00,17:58:00,16,39.74152662,14,30/01/2024,Tuesday,F
TRIP0720,bus,Downtown,South Point,01/01/2024 00:00,17:59:00,94,3.917772363,100,30/01/2024,Tuesday,F
TRIP0721,Tram,Downtown,South Point,01/01/2024 00:00,18:00:00,40,23.97562354,24,31/01/2024,Wednesday,F
TRIP0722,bus,West End,South Point,01/01/2024 00:00,18:01:00,2,28.2535756,43,31/01/2024,Wednesday,F
TRIP0723,FERRY,North Station,Downtown,01/01/2024 00:00,18:02:00,81,,64,31/01/2024,Wednesday,F
TRIP0724,Bus,North Station,Airport,01/01/2024 00:00,18:03:00,41,,70,31/01/2024,Wednesday,F
TRIP0725,fErry, Central ,South Point,01/01/2024 00:00,18:04:00,12,13.03698298,69,31/01/2024,Wednesday,F
TRIP0726,bus,South Point,West End,01/01/2024 00:00,18:05:00,35,0.993949445,128,31/01/2024,Wednesday,F
TRIP0728,BUS, Central ,South Point,01/01/2024 00:00,18:07:00,55,27.01500167,156,31/01/2024,Wednesday,F
TRIP0729,Train,Central,Airport,01/01/2024 00:00,18:08:00,45,41.88782631,159,31/01/2024,Wednesday,F
TRIP0731,train,Airport,North Station,01/01/2024 00:00,18:10:00,90,42.24464531,163,31/01/2024,Wednesday,F
TRIP0732,FERRY,Downtown,Airport,01/01/2024 00:00,18:11:00,85,24.51218567,61,31/01/2024,Wednesday,F
TRIP0733,BUS,South Point,West End,01/01/2024 00:00,18:12:00,62,17.01460559,82,31/01/2024,Wednesday,F
TRIP0734,bus,Central,South Point,01/01/2024 00:00,18:13:00,49,39.68213103,33,31/01/2024,Wednesday,F
TRIP0735,Ferry,South Point,North Station,01/01/2024 00:00,18:14:00,95,22.83905859,19,31/01/2024,Wednesday,F
TRIP0736,FERRY,Central,North Station,01/01/2024 00:00,18:15:00,25,9.580388722,16,31/01/2024,Wednesday,F
TRIP0737,bus,West End,Downtown,01/01/2024 00:00,18:16:00,23,42.82121397,105,31/01/2024,Wednesday,F
TRIP0738,Ferry,Airport,North Station,01/01/2024 00:00,18:17:00,,44.1867139,160,31/01/2024,Wednesday,F
TRIP0739,Ferry,Central,West End,01/01/2024 00:00,18:18:00,38,23.58233293,88,31/01/2024,Wednesday,F
TRIP0740,Train,South Point,West End,01/01/2024 00:00,18:19:00,28,4.247136502,129,31/01/2024,Wednesday,F
TRIP0741,FERRY,Downtown,Central,01/01/2024 00:00,18:20:00,21,,107,31/01/2024,Wednesday,F
TRIP0742,Tram,Central,West End,01/01/2024 00:00,18:21:00,54,40.27511414,28,31/01/2024,Wednesday,F
TRIP0744,Train,Central,North Station,01/01/2024 00:00,18:23:00,36,10.57190075,142,31/01/2024,Wednesday,F
TRIP0745,Train,North Station,West End,01/01/2024 00:00,18:24:00,99,,114,01/02/2024,Thursday,F
TRIP0747,Bus,Airport,Central,01/01/2024 00:00,18:26:00,73,19.77554448,105,01/02/2024,Thursday,F
TRIP0748,bus,Airport,North Station,01/01/2024 00:00,18:27:00,53,27.31716773,150,01/02/2024,Thursday,F
TRIP0749,train,West End,Central,01/01/2024 00:00,18:28:00,30,48.4192577,146,01/02/2024,Thursday,F
TRIP0750,FERRY,South Point,North Station,01/01/2024 00:00,18:29:00,60,3.794954032,166,01/02/2024,Thursday,F
TRIP0751,train,West End,Downtown,01/01/2024 00:00,18:30:00,98,32.59174137,132,01/02/2024,Thursday,F
TRIP0752,bus, Central ,Central,01/01/2024 00:00,18:31:00,32,4.168218417,62,01/02/2024,Thursday,F
TRIP0753,Train,Downtown,South Point,01/01/2024 00:00,18:32:00,67,19.08571196,80,01/02/2024,Thursday,F
TRIP0754,Bus,Central,Airport,01/01/2024 00:00,18:33:00,67,40.28881999,154,01/02/2024,Thursday,F
TRIP0755,Train,Central,Airport,01/01/2024 00:00,18:34:00,28,21.95687552,,01/02/2024,Thursday,F
TRIP0756,Ferry,Downtown,North Station,01/01/2024 00:00,18:35:00,44,49.86052652,177,01/02/2024,Thursday,F
TRIP0757,Train,Airport,South Point,01/01/2024 00:00,18:36:00,,,168,01/02/2024,Thursday,F
TRIP0758,fErry, Central ,Central,01/01/2024 00:00,18:37:00,41,16.39752656,26,01/02/2024,Thursday,F
TRIP0759,bus, Central ,South Point,01/01/2024 00:00,18:38:00,63,11.39551063,131,01/02/2024,Thursday,F
TRIP0760,bus,Central,South Point,01/01/2024 00:00,18:39:00,23,17.85076645,84,01/02/2024,Thursday,F
TRIP0761,bus,South Point,Central,01/01/2024 00:00,18:40:00,75,18.94039705,104,01/02/2024,Thursday,F
TRIP0762,train,South Point,Downtown,01/01/2024 00:00,18:41:00,48,3.901327047,100,01/02/2024,Thursday,F
TRIP0763,Ferry,North Station,South Point,01/01/2024 00:00,18:42:00,32,18.79392287,165,01/02/2024,Thursday,F
TRIP0764,bus,West End,South Point,01/01/2024 00:00,18:43:00,57,23.47980673,177,01/02/2024,Thursday,F
TRIP0766,train,Downtown,South Point,01/01/2024 00:00,18:45:00,24,33.00810949,152,01/02/2024,Thursday,F
TRIP0767,Tram,Downtown,South Point,01/01/2024 00:00,18:46:00,39,35.58389993,22,01/02/2024,Thursday,F
TRIP0768,fErry,North Station,South Point,01/01/2024 00:00,18:47:00,,0.914002253,42,01/02/2024,Thursday,F
TRIP0769,FERRY,South Point,Airport,01/01/2024 00:00,18:48:00,56,11.27453628,155,02/02/2024,Friday,F
TRIP0770,FERRY,Airport,West End,01/01/2024 00:00,18:49:00,28,33.25337228,113,02/02/2024,Friday,F
TRIP0771,fErry,Airport,Downtown,01/01/2024 00:00,18:50:00,37,24.45747372,127,02/02/2024,Friday,F
TRIP0772,bus,North Station,South Point,01/01/2024 00:00,18:51:00,7,0.763017046,148,02/02/2024,Friday,F
TRIP0775,train,West End,North Station,01/01/2024 00:00,18:54:00,56,,144,02/02/2024,Friday,F
TRIP0776,Tram,Central,North Station,01/01/2024 00:00,18:55:00,65,3.789934626,148,02/02/2024,Friday,F
TRIP0778,Ferry,South Point,Airport,01/01/2024 00:00,18:57:00,47,29.39382259,91,02/02/2024,Friday,F
TRIP0779,bus,North Station,Airport,01/01/2024 00:00,18:58:00,20,39.20701887,146,02/02/2024,Friday,F
TRIP0780,fErry,South Point,airport,01/01/2024 00:00,18:59:00,,37.71147612,65,02/02/2024,Friday,F
TRIP0784,Train,North Station,Airport,01/01/2024 00:00,19:03:00,18,33.72229493,48,02/02/2024,Friday,F
TRIP0785,Train,Downtown,West End,01/01/2024 00:00,19:04:00,92,31.21345236,149,02/02/2024,Friday,F
TRIP0787,FERRY,West End,airport,01/01/2024 00:00,19:06:00,43,8.9091098,58,02/02/2024,Friday,F
TRIP0788,train,North Station,Downtown,01/01/2024 00:00,19:07:00,95,10.1512724,48,02/02/2024,Friday,F
TRIP0789,Ferry,West End,Airport,01/01/2024 00:00,19:08:00,91,44.5752711,102,02/02/2024,Friday,F
TRIP0790,bus,Central,Airport,01/01/2024 00:00,19:09:00,11,37.62390102,9,02/02/2024,Friday,F
TRIP0791,BUS, Central ,Downtown,01/01/2024 00:00,19:10:00,49,45.45731019,113,02/02/2024,Friday,F
TRIP0792,Train,Central,West End,01/01/2024 00:00,19:11:00,38,38.0564084,,02/02/2024,Friday,F
TRIP0793,Tram,Central,West End,01/01/2024 00:00,19:12:00,64,30.05918765,120,03/02/2024,Saturday,F
TRIP0794,train,West End,Downtown,01/01/2024 00:00,19:13:00,,32.87957048,91,03/02/2024,Saturday,F
TRIP0795,Train,North Station,Central,01/01/2024 00:00,19:14:00,8,44.51183224,108,03/02/2024,Saturday,F
TRIP0798,bus,Downtown,West End,01/01/2024 00:00,19:17:00,,8.245597442,47,03/02/2024,Saturday,F
TRIP0799,FERRY,Airport,West End,01/01/2024 00:00,19:18:00,76,23.9591004,101,03/02/2024,Saturday,F
TRIP0800,Bus,Central,airport,01/01/2024 00:00,19:19:00,65,35.96165704,35,03/02/2024,Saturday,F
TRIP0801,FERRY,Central,Downtown,01/01/2024 00:00,19:20:00,,13.91166357,103,03/02/2024,Saturday,F
TRIP0802,Bus,North Station,airport,01/01/2024 00:00,19:21:00,4,10.51158194,21,03/02/2024,Saturday,F
TRIP0803,Ferry,South Point,airport,01/01/2024 00:00,19:22:00,50,16.03442701,87,03/02/2024,Saturday,F
TRIP0804,BUS,West End,Downtown,01/01/2024 00:00,19:23:00,,12.45428109,114,03/02/2024,Saturday,F
TRIP0805,fErry,Central,Downtown,01/01/2024 00:00,19:24:00,30,11.13817553,,03/02/2024,Saturday,F
TRIP0806,BUS,Downtown,South Point,01/01/2024 00:00,19:25:00,88,21.53011672,,03/02/2024,Saturday,F
TRIP0807,Bus,North Station,Central,01/01/2024 00:00,19:26:00,59,45.43800644,145,03/02/2024,Saturday,F
TRIP0808,FERRY,West End,North Station,01/01/2024 00:00,19:27:00,67,,39,03/02/2024,Saturday,F
TRIP0809,Tram,North Station,Central,01/01/2024 00:00,19:28:00,75,9.80205885,137,03/02/2024,Saturday,F
TRIP0810,Bus,West End,South Point,01/01/2024 00:00,19:29:00,45,4.310097634,33,03/02/2024,Saturday,F
TRIP0811,BUS,West End,North Station,01/01/2024 00:00,19:30:00,4,34.95972918,74,03/02/2024,Saturday,F
TRIP0812,Bus,Airport,Downtown,01/01/2024 00:00,19:31:00,26,19.44853884,157,03/02/2024,Saturday,F
TRIP0813,train,Central,South Point,01/01/2024 00:00,19:32:00,27,41.18063186,99,03/02/2024,Saturday,F
TRIP0814,bus,North Station,Downtown,01/01/2024 00:00,19:33:00,46,33.14578305,26,03/02/2024,Saturday,F
TRIP0815,train,North Station,West End,01/01/2024 00:00,19:34:00,64,39.9139518,177,03/02/2024,Saturday,F
TRIP0817,Tram, Central ,South Point,01/01/2024 00:00,19:36:00,51,34.77176666,,04/02/2024,Sunday,F
TRIP0818,BUS,Downtown,airport,01/01/2024 00:00,19:37:00,50,13.57106824,76,04/02/2024,Sunday,F
TRIP0819,bus,Central,South Point,01/01/2024 00:00,19:38:00,6,46.98388973,133,04/02/2024,Sunday,F
TRIP0820,BUS,Central,South Point,01/01/2024 00:00,19:39:00,59,32.00052694,176,04/02/2024,Sunday,F
TRIP0821,FERRY, Central ,West End,01/01/2024 00:00,19:40:00,15,16.56333411,91,04/02/2024,Sunday,F
TRIP0822,bus,Airport,North Station,01/01/2024 00:00,19:41:00,30,,100,04/02/2024,Sunday,F
TRIP0823,train,Downtown,Central,01/01/2024 00:00,19:42:00,42,9.950865961,79,04/02/2024,Sunday,F
TRIP0824,bus, Central ,Downtown,01/01/2024 00:00,19:43:00,37,34.88472747,171,04/02/2024,Sunday,F
TRIP0825,Ferry,North Station,South Point,01/01/2024 00:00,19:44:00,42,11.32642284,58,04/02/2024,Sunday,F
TRIP0826,Tram,Central,Downtown,01/01/2024 00:00,19:45:00,35,29.96751166,92,04/02/2024,Sunday,F
TRIP0827,bus,North Station,Airport,01/01/2024 00:00,19:46:00,,13.59943383,161,04/02/2024,Sunday,F
TRIP0828,Tram,North Station,West End,01/01/2024 00:00,19:47:00,6,33.26746277,58,04/02/2024,Sunday,F
TRIP0829,Ferry,South Point,Downtown,01/01/2024 00:00,19:48:00,68,,,04/02/2024,Sunday,F
TRIP0830,Ferry,Downtown,West End,01/01/2024 00:00,19:49:00,18,39.01224954,103,04/02/2024,Sunday,F
TRIP0831,Tram,Central,Downtown,01/01/2024 00:00,19:50:00,73,38.16214088,24,04/02/2024,Sunday,F
TRIP0832,Bus,North Station,Central,01/01/2024 00:00,19:51:00,29,9.792259082,50,04/02/2024,Sunday,F
TRIP0834,FERRY,West End,Central,01/01/2024 00:00,19:53:00,59,35.09796701,62,04/02/2024,Sunday,F
TRIP0835,fErry,South Point,Central,01/01/2024 00:00,19:54:00,47,18.73318708,115,04/02/2024,Sunday,F
TRIP0836,Bus,West End,Central,01/01/2024 00:00,19:55:00,17,21.90113821,133,04/02/2024,Sunday,F
TRIP0838,FERRY,Central,West End,01/01/2024 00:00,19:57:00,22,13.34903424,161,04/02/2024,Sunday,F
TRIP0839,FERRY,Downtown,South Point,01/01/2024 00:00,19:58:00,68,2.166981992,88,04/02/2024,Sunday,F
TRIP0840,Bus, Central ,Downtown,01/01/2024 00:00,19:59:00,69,44.01969574,74,04/02/2024,Sunday,F
TRIP0841,bus,North Station,Central,01/01/2024 00:00,20:00:00,37,12.54813582,,05/02/2024,Monday,F
TRIP0843,train,South Point,West End,01/01/2024 00:00,20:02:00,13,2.429476373,116,05/02/2024,Monday,F
TRIP0844,BUS,Airport,West End,01/01/2024 00:00,20:03:00,34,,165,05/02/2024,Monday,F
TRIP0845,FERRY,North Station,South Point,01/01/2024 00:00,20:04:00,86,16.48985361,135,05/02/2024,Monday,F
TRIP0847,Ferry,West End,South Point,01/01/2024 00:00,20:06:00,,44.46185035,112,05/02/2024,Monday,F
TRIP0848,Tram,West End,North Station,01/01/2024 00:00,20:07:00,51,16.60188561,113,05/02/2024,Monday,F
TRIP0849,Train,Airport,West End,01/01/2024 00:00,20:08:00,3,45.09756434,24,05/02/2024,Monday,F
TRIP0850,train,Downtown,North Station,01/01/2024 00:00,20:09:00,42,49.80980484,77,05/02/2024,Monday,F
TRIP0851,Tram,South Point,Airport,01/01/2024 00:00,20:10:00,98,41.35807537,171,05/02/2024,Monday,F
TRIP0852,Tram,Downtown,Central,01/01/2024 00:00,20:11:00,32,42.32113171,8,05/02/2024,Monday,F
TRIP0853,bus,South Point,Central,01/01/2024 00:00,20:12:00,51,12.82593244,23,05/02/2024,Monday,F
TRIP0854,Train,Downtown,South Point,01/01/2024 00:00,20:13:00,85,29.04676874,106,05/02/2024,Monday,F
TRIP0856,Tram,Central,North Station,01/01/2024 00:00,20:15:00,21,5.198437873,,05/02/2024,Monday,F
TRIP0857,Train,West End,Downtown,01/01/2024 00:00,20:16:00,44,49.9451843,145,05/02/2024,Monday,F
TRIP0858,Train,Downtown,South Point,01/01/2024 00:00,20:17:00,11,,,05/02/2024,Monday,F
TRIP0859,Tram,Airport,Central,01/01/2024 00:00,20:18:00,,37.53510365,90,05/02/2024,Monday,F
TRIP0861,Tram,North Station,Downtown,01/01/2024 00:00,20:20:00,92,,115,05/02/2024,Monday,F
TRIP0862,BUS,West End,Central,01/01/2024 00:00,20:21:00,63,49.88260072,113,05/02/2024,Monday,F
TRIP0864,Bus,West End,Central,01/01/2024 00:00,20:23:00,99,2.49736593,47,05/02/2024,Monday,F
TRIP0865,fErry,North Station,Downtown,01/01/2024 00:00,20:24:00,13,20.85398014,46,06/02/2024,Tuesday,F
TRIP0866,Ferry,Downtown,North Station,01/01/2024 00:00,20:25:00,98,6.938993157,94,06/02/2024,Tuesday,F
TRIP0867,train,Downtown,airport,01/01/2024 00:00,20:26:00,11,1.610081514,119,06/02/2024,Tuesday,F
TRIP0869,Bus,Airport,Downtown,01/01/2024 00:00,20:28:00,17,39.29504343,155,06/02/2024,Tuesday,F
TRIP0870,Bus,North Station,South Point,01/01/2024 00:00,20:29:00,99,28.52594422,47,06/02/2024,Tuesday,F
TRIP0871,Bus,South Point,Downtown,01/01/2024 00:00,20:30:00,82,15.98251047,81,06/02/2024,Tuesday,F
TRIP0872,bus,Central,West End,01/01/2024 00:00,20:31:00,86,32.88992927,,06/02/2024,Tuesday,F
TRIP0873,Tram,North Station,Airport,01/01/2024 00:00,20:32:00,,,,06/02/2024,Tuesday,F
TRIP0874,bus,North Station,South Point,01/01/2024 00:00,20:33:00,19,1.211881581,24,06/02/2024,Tuesday,F
TRIP0875,Tram,Central,North Station,01/01/2024 00:00,20:34:00,37,,43,06/02/2024,Tuesday,F
TRIP0876,bus,Downtown,South Point,01/01/2024 00:00,20:35:00,,31.3752827,16,06/02/2024,Tuesday,F
TRIP0878,train,Downtown,North Station,01/01/2024 00:00,20:37:00,28,2.427431826,158,06/02/2024,Tuesday,F
TRIP0879,Ferry,Central,South Point,01/01/2024 00:00,20:38:00,5,41.93742158,46,06/02/2024,Tuesday,F
TRIP0880,bus,Downtown,North Station,01/01/2024 00:00,20:39:00,17,31.1665469,,06/02/2024,Tuesday,F
TRIP0881,train,West End,North Station,01/01/2024 00:00,20:40:00,36,28.38806986,,06/02/2024,Tuesday,F
TRIP0882,Train,South Point,West End,01/01/2024 00:00,20:41:00,19,31.41839538,42,06/02/2024,Tuesday,F
TRIP0883,Ferry,North Station,Downtown,01/01/2024 00:00,20:42:00,64,,102,06/02/2024,Tuesday,F
TRIP0884,bus,Airport,Downtown,01/01/2024 00:00,20:43:00,91,29.55335707,175,06/02/2024,Tuesday,F
TRIP0885,FERRY,South Point,Airport,01/01/2024 00:00,20:44:00,98,29.2570438,23,06/02/2024,Tuesday,F
TRIP0886,Bus,Downtown,Airport,01/01/2024 00:00,20:45:00,11,49.53861827,138,06/02/2024,Tuesday,F
TRIP0887,Train,North Station,West End,01/01/2024 00:00,20:46:00,54,37.95814327,178,06/02/2024,Tuesday,F
TRIP0888,Train,Downtown,Airport,01/01/2024 00:00,20:47:00,45,22.39354337,120,06/02/2024,Tuesday,F
TRIP0889,train, Central ,South Point,01/01/2024 00:00,20:48:00,47,35.5161515,117,07/02/2024,Wednesday,F
TRIP0891,Ferry,North Station,Central,01/01/2024 00:00,20:50:00,21,11.82933539,69,07/02/2024,Wednesday,F
TRIP0892,bus,West End,Central,01/01/2024 00:00,20:51:00,11,30.04416791,103,07/02/2024,Wednesday,F
TRIP0894,FERRY,North Station,West End,01/01/2024 00:00,20:53:00,5,46.49240624,56,07/02/2024,Wednesday,F
TRIP0895,Bus,Downtown,North Station,01/01/2024 00:00,20:54:00,81,,122,07/02/2024,Wednesday,F
TRIP0896,train,Airport,Central,01/01/2024 00:00,20:55:00,56,26.62003458,179,07/02/2024,Wednesday,F
TRIP0897,Bus,West End,South Point,01/01/2024 00:00,20:56:00,20,10.97597698,124,07/02/2024,Wednesday,F
TRIP0898,Train,South Point,Airport,01/01/2024 00:00,20:57:00,41,49.78373992,11,07/02/2024,Wednesday,F
TRIP0899,fErry,West End,South Point,01/01/2024 00:00,20:58:00,46,49.06533644,15,07/02/2024,Wednesday,F
TRIP0901,Ferry,Downtown,Central,01/01/2024 00:00,21:00:00,70,40.31849595,,07/02/2024,Wednesday,F
TRIP0902,bus,Downtown,Central,01/01/2024 00:00,21:01:00,17,35.89745798,72,07/02/2024,Wednesday,F
TRIP0903,BUS,South Point,Central,01/01/2024 00:00,21:02:00,19,29.86133184,157,07/02/2024,Wednesday,F
TRIP0905,Bus,Downtown,Airport,01/01/2024 00:00,21:04:00,48,23.01083496,158,07/02/2024,Wednesday,F
TRIP0906,train,Airport,West End,01/01/2024 00:00,21:05:00,52,33.90192196,106,07/02/2024,Wednesday,F
TRIP0907,Ferry,North Station,West End,01/01/2024 00:00,21:06:00,,34.03781489,114,07/02/2024,Wednesday,F
TRIP0908,Ferry,Central,Downtown,01/01/2024 00:00,21:07:00,70,,,07/02/2024,Wednesday,F
TRIP0909,Bus,Central,South Point,01/01/2024 00:00,21:08:00,55,47.11375334,175,07/02/2024,Wednesday,F
TRIP0910,bus,Central,South Point,01/01/2024 00:00,21:09:00,75,8.784173096,55,07/02/2024,Wednesday,F
TRIP0911,Bus,West End,North Station,01/01/2024 00:00,21:10:00,33,25.26779259,,07/02/2024,Wednesday,F
TRIP0912,Train,South Point,West End,01/01/2024 00:00,21:11:00,62,34.69875684,169,07/02/2024,Wednesday,F
TRIP0913,Bus,Downtown,Airport,01/01/2024 00:00,21:12:00,88,35.00822239,50,08/02/2024,Thursday,F
TRIP0914,Ferry,North Station,Downtown,01/01/2024 00:00,21:13:00,23,32.60762836,57,08/02/2024,Thursday,F
TRIP0915,fErry,Airport,Downtown,01/01/2024 00:00,21:14:00,15,,92,08/02/2024,Thursday,F
TRIP0916,Bus,North Station,South Point,01/01/2024 00:00,21:15:00,27,8.23222515,125,08/02/2024,Thursday,F
TRIP0917,bus,Airport,West End,01/01/2024 00:00,21:16:00,75,31.97904618,17,08/02/2024,Thursday,F
TRIP0918,FERRY,West End,airport,01/01/2024 00:00,21:17:00,64,30.16545475,93,08/02/2024,Thursday,F
TRIP0919,train,Central,West End,01/01/2024 00:00,21:18:00,81,9.378122509,,08/02/2024,Thursday,F
TRIP0920,Tram,West End,Central,01/01/2024 00:00,21:19:00,51,35.40438771,122,08/02/2024,Thursday,F
TRIP0921,BUS,South Point,West End,01/01/2024 00:00,21:20:00,53,23.03101359,58,08/02/2024,Thursday,F
TRIP0922,bus,South Point,Central,01/01/2024 00:00,21:21:00,78,33.55414928,120,08/02/2024,Thursday,F
TRIP0923,FERRY,Airport,Central,01/01/2024 00:00,21:22:00,91,41.94967045,122,08/02/2024,Thursday,F
TRIP0924,bus,Downtown,North Station,01/01/2024 00:00,21:23:00,82,8.901557215,8,08/02/2024,Thursday,F
TRIP0925,train,Downtown,Airport,01/01/2024 00:00,21:24:00,92,1.447670966,79,08/02/2024,Thursday,F
TRIP0926,Ferry,Airport,South Point,01/01/2024 00:00,21:25:00,,39.06557803,53,08/02/2024,Thursday,F
TRIP0927,bus,South Point,West End,01/01/2024 00:00,21:26:00,47,30.68002255,11,08/02/2024,Thursday,F
TRIP0928,FERRY,South Point,Central,01/01/2024 00:00,21:27:00,4,35.1321587,114,08/02/2024,Thursday,F
TRIP0929,bus,South Point,West End,01/01/2024 00:00,21:28:00,7,,126,08/02/2024,Thursday,F
TRIP0930,bus,West End,Airport,01/01/2024 00:00,21:29:00,35,40.23914127,15,08/02/2024,Thursday,F
TRIP0932,Train,North Station,Airport,01/01/2024 00:00,21:31:00,73,27.0287864,177,08/02/2024,Thursday,F
TRIP0933,Train,Central,South Point,01/01/2024 00:00,21:32:00,72,,27,08/02/2024,Thursday,F
TRIP0934,Ferry,South Point,Downtown,01/01/2024 00:00,21:33:00,,20.39341639,32,08/02/2024,Thursday,F
TRIP0935,Bus,Airport,South Point,01/01/2024 00:00,21:34:00,81,8.107706621,115,08/02/2024,Thursday,F
TRIP0936,bus,Central,North Station,01/01/2024 00:00,21:35:00,81,28.84405803,61,08/02/2024,Thursday,F
TRIP0937,train,West End,Airport,01/01/2024 00:00,21:36:00,97,14.21211995,30,09/02/2024,Friday,F
TRIP0938,Bus,Airport,Central,01/01/2024 00:00,21:37:00,96,46.10472185,157,09/02/2024,Friday,F
TRIP0939,train,Central,Downtown,01/01/2024 00:00,21:38:00,72,29.36794481,,09/02/2024,Friday,F
TRIP0940,Bus,Airport,North Station,01/01/2024 00:00,21:39:00,19,29.84558894,33,09/02/2024,Friday,F
TRIP0942,bus,North Station,Airport,01/01/2024 00:00,21:41:00,38,3.073472923,168,09/02/2024,Friday,F
TRIP0943,bus,West End,Central,01/01/2024 00:00,21:42:00,67,2.071316386,18,09/02/2024,Friday,F
TRIP0944,Tram,West End,South Point,01/01/2024 00:00,21:43:00,59,21.45508964,82,09/02/2024,Friday,F
TRIP0945,train,Airport,Central,01/01/2024 00:00,21:44:00,,4.685986216,39,09/02/2024,Friday,F
TRIP0946,Bus,Downtown,West End,01/01/2024 00:00,21:45:00,13,30.5389243,34,09/02/2024,Friday,F
TRIP0947,Bus,South Point,Downtown,01/01/2024 00:00,21:46:00,47,44.10816378,96,09/02/2024,Friday,F
TRIP0948,Train,South Point,Downtown,01/01/2024 00:00,21:47:00,61,44.20428342,21,09/02/2024,Friday,F
TRIP0949,Tram,North Station,Airport,01/01/2024 00:00,21:48:00,31,33.1227478,162,09/02/2024,Friday,F
TRIP0950,FERRY,North Station,Downtown,01/01/2024 00:00,21:49:00,80,10.95597566,97,09/02/2024,Friday,F
TRIP0951,FERRY,South Point,Airport,01/01/2024 00:00,21:50:00,96,43.21834315,177,09/02/2024,Friday,F
TRIP0952,Train, Central ,Airport,01/01/2024 00:00,21:51:00,,44.36162505,83,09/02/2024,Friday,F
TRIP0953,fErry,South Point,Airport,01/01/2024 00:00,21:52:00,93,10.23435246,114,09/02/2024,Friday,F
TRIP0954,Train, Central ,airport,01/01/2024 00:00,21:53:00,86,,106,09/02/2024,Friday,F
TRIP0956,fErry,Central,Airport,01/01/2024 00:00,21:55:00,67,40.23069546,51,09/02/2024,Friday,F
TRIP0959,Train,North Station,Central,01/01/2024 00:00,21:58:00,,44.91961036,,09/02/2024,Friday,F
TRIP0960,Tram,West End,Airport,01/01/2024 00:00,21:59:00,64,31.32021141,91,09/02/2024,Friday,F
TRIP0961,Bus,West End,airport,01/01/2024 00:00,22:00:00,21,48.68243965,11,10/02/2024,Saturday,F
TRIP0962,fErry,West End,Downtown,01/01/2024 00:00,22:01:00,80,23.51797112,26,10/02/2024,Saturday,F
TRIP0963,Tram,Airport,Downtown,01/01/2024 00:00,22:02:00,76,42.44570256,85,10/02/2024,Saturday,F
TRIP0965,fErry,Downtown,West End,01/01/2024 00:00,22:04:00,41,17.09631298,78,10/02/2024,Saturday,F
TRIP0966,train,South Point,Downtown,01/01/2024 00:00,22:05:00,24,3.817318619,,10/02/2024,Saturday,F
TRIP0967,Ferry,Central,Downtown,01/01/2024 00:00,22:06:00,35,48.77948511,139,10/02/2024,Saturday,F
TRIP0968,fErry,North Station,South Point,01/01/2024 00:00,22:07:00,56,40.94020841,129,10/02/2024,Saturday,F
TRIP0969,Bus,Downtown,North Station,01/01/2024 00:00,22:08:00,30,42.70109735,54,10/02/2024,Saturday,F
TRIP0970,BUS,Central,West End,01/01/2024 00:00,22:09:00,57,46.92927896,56,10/02/2024,Saturday,F
TRIP0971,FERRY,Downtown,North Station,01/01/2024 00:00,22:10:00,94,4.712622563,165,10/02/2024,Saturday,F
TRIP0972,BUS,Downtown,South Point,01/01/2024 00:00,22:11:00,47,19.58708083,5,10/02/2024,Saturday,F
TRIP0973,FERRY,North Station,Downtown,01/01/2024 00:00,22:12:00,35,4.016227008,166,10/02/2024,Saturday,F
TRIP0974,bus,South Point,Airport,01/01/2024 00:00,22:13:00,19,10.93425853,,10/02/2024,Saturday,F
TRIP0975,fErry,West End,North Station,01/01/2024 00:00,22:14:00,,11.85360596,149,10/02/2024,Saturday,F
TRIP0976,train,Airport,Downtown,01/01/2024 00:00,22:15:00,26,23.72080695,136,10/02/2024,Saturday,F
TRIP0977,Train,South Point,Downtown,01/01/2024 00:00,22:16:00,71,13.79382729,,10/02/2024,Saturday,F
TRIP0978,Ferry,Airport,Central,01/01/2024 00:00,22:17:00,30,5.498416287,8,10/02/2024,Saturday,F
TRIP0980,FERRY,North Station,Airport,01/01/2024 00:00,22:19:00,,7.790140396,75,10/02/2024,Saturday,F
TRIP0981,train, Central ,North Station,01/01/2024 00:00,22:20:00,65,48.6673015,39,10/02/2024,Saturday,F
TRIP0982,Tram,Central,Downtown,01/01/2024 00:00,22:21:00,36,38.08497909,12,10/02/2024,Saturday,F
TRIP0985,Train,South Point,Central,01/01/2024 00:00,22:24:00,1,14.27923984,,11/02/2024,Sunday,F
TRIP0987,Train,Downtown,West End,01/01/2024 00:00,22:26:00,37,16.64956894,31,11/02/2024,Sunday,F
TRIP0988,train,Downtown,West End,01/01/2024 00:00,22:27:00,13,15.319477,36,11/02/2024,Sunday,F
TRIP0989,FERRY,North Station,Central,01/01/2024 00:00,22:28:00,8,12.00904661,82,11/02/2024,Sunday,F
TRIP0991,Ferry,Airport,Downtown,01/01/2024 00:00,22:30:00,60,13.19492152,150,11/02/2024,Sunday,F
TRIP0993,BUS, Central ,Central,01/01/2024 00:00,22:32:00,1,33.8627133,161,11/02/2024,Sunday,F
TRIP0994,Tram,Downtown,South Point,01/01/2024 00:00,22:33:00,36,3.59695969,20,11/02/2024,Sunday,F
TRIP0995,Bus,North Station,airport,01/01/2024 00:00,22:34:00,35,10.92009351,103,11/02/2024,Sunday,F
TRIP0996,train,North Station,West End,01/01/2024 00:00,22:35:00,,40.54667019,51,11/02/2024,Sunday,F
TRIP0997,Bus,Central,West End,01/01/2024 00:00,22:36:00,63,7.772635217,35,11/02/2024,Sunday,F
TRIP0998,FERRY,West End,North Station,01/01/2024 00:00,22:37:00,23,,8,11/02/2024,Sunday,F
TRIP0999,Tram,South Point,Central,01/01/2024 00:00,22:38:00,9,43.30061663,169,11/02/2024,Sunday,F
TRIP1000,train,Airport,West End,01/01/2024 00:00,22:39:00,34,8.168802902,21,11/02/2024,Sunday,F
